site_id,commune,lieu_dit,n_sep,type_sep,chrono,periode,sous_periode,genre,nb_ceramique_nmi,position_corps,decomposition,AC Fibule,AC Bracelet,AC Anneau de jambe,AC Torque,AC Boucle d'oreille,Fer épée/poignard,Fer lance,Fer Char,Roche noire Bracelet,Ambre Perle,Verre Perle
SITE-0a99cf4a54502507,Woippy,Zac des Chiloux,,inhumation,Ha D3,Hallstatt,Ha D3,Féminin,7,,,,,2,,,,,1.0,,,
SITE-c266745200008b48,Duttlenheim,Site 1.3 - Ampfad et Neustrasse,188,inhumation,LT A,La Tène,LT A,Féminin,1,sur le dos,espace vide,,1,,,,,,,,,
SITE-c266745200008b48,Duttlenheim,Site 1.3 - Ampfad et Neustrasse,191,inhumation,Ha D-LT A ?,Transition,Ha D-LT A ?,Féminin,1,sur le dos,espace colmaté,,,,,,,,,,,
SITE-c266745200008b48,Duttlenheim,Site 1.3 - Ampfad et Neustrasse,195,inhumation,Ha D1,Hallstatt,Ha D1,Féminin,3,sur le dos,contenant rigide,,,,,,,,,2,,
SITE-c266745200008b48,Duttlenheim,Site 1.3 - Ampfad et Neustrasse,198,inhumation,Ha C1,Hallstatt,Ha C1,Féminin,8,sur le dos,contenant rigide,,,,,,,,,,,
SITE-c266745200008b48,Duttlenheim,Site 1.3 - Ampfad et Neustrasse,204,inhumation,Ha C-D1,Hallstatt,Ha C-D1,Féminin,2,sur le dos,espace vide,,,,,,,,,2,,
SITE-c266745200008b48,Duttlenheim,Site 1.3 - Ampfad et Neustrasse,271,inhumation,Ha D1,Hallstatt,Ha D1,Féminin,3,sur le dos,contenant rigide,,1,,,,,,,2,,
SITE-c266745200008b48,Duttlenheim,Site 1.3 - Ampfad et Neustrasse,274.1,inhumation,Ha D1,Hallstatt,Ha D1,Féminin,2,"position latérale gauche, imbriquée avec un autre squelette",espace vide,,,,,,,,,,,
SITE-c266745200008b48,Duttlenheim,Site 1.3 - Ampfad et Neustrasse,400,inhumation,Ha D1,Hallstatt,Ha D1,Féminin,8,sur le ventre,espace vide,,2,,,,,,,2,,
SITE-c266745200008b48,Duttlenheim,Site 1.3 - Ampfad et Neustrasse,401,inhumation,Ha C2-D1,Hallstatt,Ha C2-D1,Féminin,1,sur le dos,espace vide ?,,,,,,,,,,,
SITE-c266745200008b48,Duttlenheim,Site 1.3 - Ampfad et Neustrasse,408,inhumation,Ha D1,Hallstatt,Ha D1,Féminin,1,sur le dos,espace vide,,,,,,,,,,,
SITE-c266745200008b48,Duttlenheim,Site 1.3 - Ampfad et Neustrasse,199,inhumation,Ha C-D,Hallstatt,Ha C-D,Féminin,3,sur le dos,,,,,,,,,,,,
SITE-c266745200008b48,Duttlenheim,Site 1.3 - Ampfad et Neustrasse,413,inhumation,Ha D-LT A,Transition,Ha D3 / LT A,Féminin,3,sur le dos,espace vide,,2,,,,,,,1,,
SITE-3d3e5493a9a5f812,Sainte-Croix-en-Plaine,Ancien échangeur,91,inhumation,Protohistoire indéterminé,indéterminé,Protohistoire indéterminé,Féminin,8,,,,,,,,,,,,,
SITE-3d3e5493a9a5f812,Sainte-Croix-en-Plaine,Ancien échangeur,38,inhumation,BF IIIb-Ha C,Transition,TRANSITION_BF_HA,Féminin,5,,,,,,,,,,,,,
SITE-3d3e5493a9a5f812,Sainte-Croix-en-Plaine,Ancien échangeur,85,inhumation,Ha C,Hallstatt,Ha C,Féminin,2,,,,,,,,,,,,,
SITE-3d3e5493a9a5f812,Sainte-Croix-en-Plaine,Ancien échangeur,52,inhumation,Protohistoire indéterminé,indéterminé,Protohistoire indéterminé,Féminin,0,,,,,,,,,,,,,
SITE-3d3e5493a9a5f812,Sainte-Croix-en-Plaine,Ancien échangeur,88,inhumation,BF IIIa,Bronze final,BF IIIa,Féminin,16,,,,,,,,,,,,,
SITE-3d3e5493a9a5f812,Sainte-Croix-en-Plaine,Ancien échangeur,83,inhumation,BF IIIb-Ha C,Transition,TRANSITION_BF_HA,Féminin,1,,,,,,,,,,,,,
SITE-3d3e5493a9a5f812,Sainte-Croix-en-Plaine,Ancien échangeur,55,inhumation,Protohistoire indéterminé,indéterminé,Protohistoire indéterminé,Féminin,1,,,,,,,,,,,,,
SITE-3d3e5493a9a5f812,Sainte-Croix-en-Plaine,Ancien échangeur,28,inhumation,Ha C,Hallstatt,Ha C,Féminin,4,,,,,,,,,,,,,
SITE-3d3e5493a9a5f812,Sainte-Croix-en-Plaine,Ancien échangeur,51,inhumation,Protohistoire indéterminé,indéterminé,Protohistoire indéterminé,Féminin,3,,,,,,,,,,,,,
SITE-3d3e5493a9a5f812,Sainte-Croix-en-Plaine,Ancien échangeur,36,inhumation,BF IIIb-Ha C,Transition,TRANSITION_BF_HA,Féminin,1,,,,,,,,,,,,,
SITE-3d3e5493a9a5f812,Sainte-Croix-en-Plaine,Ancien échangeur,72,inhumation,BF IIIb-Ha C,Transition,TRANSITION_BF_HA,Féminin,12,,,,,,,,,,,,,
SITE-3d3e5493a9a5f812,Sainte-Croix-en-Plaine,Ancien échangeur,76,inhumation,Protohistoire indéterminé,indéterminé,Protohistoire indéterminé,Féminin,1,,,,,,,,,,,,,
SITE-3d3e5493a9a5f812,Sainte-Croix-en-Plaine,Ancien échangeur,86,inhumation,BF IIIb-Ha C,Transition,TRANSITION_BF_HA,Féminin,2,,,,,,,,,,,,,
SITE-3d3e5493a9a5f812,Sainte-Croix-en-Plaine,Ancien échangeur,48,inhumation,Ha D2-LT A,Transition,Ha D3 / LT A,Féminin,1,,,,,,,,,,,,,
SITE-3d3e5493a9a5f812,Sainte-Croix-en-Plaine,Ancien échangeur,53,inhumation,Ha D2-D3,Hallstatt,Ha D2-D3,Féminin,7,,,,,,,,,,,,,
SITE-3d3e5493a9a5f812,Sainte-Croix-en-Plaine,Ancien échangeur,27,inhumation,BF IIIb,Bronze final,BF IIIb,Féminin,4,,,,,,,,,,,,,
SITE-3d3e5493a9a5f812,Sainte-Croix-en-Plaine,Ancien échangeur,37,inhumation,Ha C,Hallstatt,Ha C,Féminin,4,,,,,,,,,,,,,
SITE-3d3e5493a9a5f812,Sainte-Croix-en-Plaine,Jebsen Boden,2,inhumation,BF IIIa,Bronze final,BF IIIa,Féminin,8,,,,,,,,,,,,,
SITE-3d3e5493a9a5f812,Sainte-Croix-en-Plaine,Jebsen Boden,12/O4B,inhumation,BF IIIb,Bronze final,BF IIIb,Féminin,19,,,,,,,,,,,,,
SITE-3d3e5493a9a5f812,Sainte-Croix-en-Plaine,Jebsen Boden,11,inhumation,Ha C,Hallstatt,Ha C,Féminin,2,,,,,,,,,,,,,
SITE-3d3e5493a9a5f812,Sainte-Croix-en-Plaine,Jebsen Boden,10,inhumation,Ha C,Hallstatt,Ha C,Féminin,2,,,,,,,,,,,,,
SITE-3d3e5493a9a5f812,Sainte-Croix-en-Plaine,Jebsen Boden,3,inhumation,Ha C,Hallstatt,Ha C,Féminin,6,,,,,,,,,,,,,
SITE-3d3e5493a9a5f812,Sainte-Croix-en-Plaine,Oberes Holzackerfeld,1,inhumation,BF IIIa,Bronze final,BF IIIa,Féminin,7,,,,1,,,,,,,,,
SITE-3d3e5493a9a5f812,Sainte-Croix-en-Plaine,Rue Mermoz,3,inhumation,BF I-IIa,Bronze final,BF I-IIa,Féminin,2,,,,,,,,,,,,,
SITE-3d3e5493a9a5f812,Sainte-Croix-en-Plaine,Rue Mermoz,1,inhumation,BF IIa,Bronze final,BF IIa,Féminin,1,,,,,,,,,,,,,
SITE-3d3e5493a9a5f812,Sainte-Croix-en-Plaine,Rue Mermoz,2,inhumation,BF,Bronze final,BF,Féminin,1,,,,,,,,,,,,,
SITE-3d3e5493a9a5f812,Sainte-Croix-en-Plaine,Zone artisanale,Tr. 281 S-O/1,inhumation,BF IIb-IIIa,Bronze final,BF IIb-IIIa,Féminin,14,,,,,,,,,,,,,
SITE-3d3e5493a9a5f812,Sainte-Croix-en-Plaine,Zone artisanale,Tr. 281 S-O/2,inhumation,BF IIb-IIIa,Bronze final,BF IIb-IIIa,Féminin,14,,,,,,,,,,,,,
SITE-3d3e5493a9a5f812,Sainte-Croix-en-Plaine,Zone artisanale,Tr. 36,inhumation,Protohistoire indéterminé,indéterminé,Protohistoire indéterminé,Féminin,14,,,,,,,,,,,,,
SITE-3d3e5493a9a5f812,Sainte-Croix-en-Plaine,Zone artisanale,Tr. 64,inhumation,Protohistoire indéterminé,indéterminé,Protohistoire indéterminé,Féminin,11,,,,,,,,,,,,,
SITE-3d3e5493a9a5f812,Sainte-Croix-en-Plaine,Zone artisanale,1,inhumation,Ha C,Hallstatt,Ha C,Féminin,2,Sur le dos membres en extension,"En espace vide, cercueil monoxyle possible",,,,,,,,,,,
SITE-3d3e5493a9a5f812,Sainte-Croix-en-Plaine,Zone artisanale,2,inhumation,Ha C,Hallstatt,Ha C,Féminin,2,,Squelette absent,,,,,,,,,,,
SITE-3d3e5493a9a5f812,Sainte-Croix-en-Plaine,Zone artisanale,3,inhumation,Ha C,Hallstatt,Ha C,Féminin,3,,Squelette très mal conservé,,,,,,,,,,,
SITE-3d3e5493a9a5f812,Sainte-Croix-en-Plaine,Zone artisanale,4,inhumation,Ha C,Hallstatt,Ha C,Féminin,3,"Sur le dos, genoux fléchis vers le sud",Non identifiable,,,,,,,,,,,
SITE-3d3e5493a9a5f812,Sainte-Croix-en-Plaine,Zone artisanale,6,inhumation,Ha C,Hallstatt,Ha C,Féminin,2,,Squelette très mal conservé,,,,,,,,,,,
SITE-3d3e5493a9a5f812,Sainte-Croix-en-Plaine,Zone artisanale,7,inhumation,Ha C,Hallstatt,Ha C,Féminin,5,,Squelette très mal conservé,,,,,,,,,,,
SITE-3d3e5493a9a5f812,Sainte-Croix-en-Plaine,Jebsen Boden,13,inhumation,Ha C2,Hallstatt,Ha C2,Féminin,7,Sur le dos membres inférieurs en extension,"En espace vide, cercueil monoxyle ",,,,,,,,,,,
SITE-3d3e5493a9a5f812,Sainte-Croix-en-Plaine,Jebsen Boden,1,inhumation,Ha C2,Hallstatt,Ha C2,Féminin,5,Sur le dos membres en extension,"En espace vide, cercueil monoxyle possible",,,,,,,,,,,
SITE-3d3e5493a9a5f812,Sainte-Croix-en-Plaine,Jebsen Boden,6,inhumation,Ha C,Hallstatt,Ha C,Féminin,3,,,,,,,,,,,2,,
SITE-3d3e5493a9a5f812,Sainte-Croix-en-Plaine,Jebsen Boden,7,inhumation,Ha C,Hallstatt,Ha C,Féminin,2,Sur le dos membres inférieurs croisés ,,,,,,,,,,1,,
SITE-3d3e5493a9a5f812,Sainte-Croix-en-Plaine,Jebsen Boden,8,inhumation,Ha C,Hallstatt,Ha C,Féminin,2,Sur le dos membres inférieurs en extension,"En espace vide, cercueil monoxyle ",,,,,,,,,,,
SITE-3d3e5493a9a5f812,Sainte-Croix-en-Plaine,Jebsen Boden,9,inhumation,Ha C-D1,Hallstatt,Ha C-D1,Féminin,2,"Sur le côté gauche, les membres inférieurs en légère flexion et les membres supérieurs en extension","En espace vide, cercueil monoxyle possible",,1,,,,,,,1,,
SITE-3d3e5493a9a5f812,Sainte-Croix-en-Plaine,Jebsen Boden,14,inhumation,Ha C,Hallstatt,Ha C,Féminin,3,Non observée,,,,,,,,,,,,
SITE-3d3e5493a9a5f812,Sainte-Croix-en-Plaine,Ancien échangeur,1,inhumation,Ha D2-LT A,Transition,Ha D3 / LT A,Féminin,3,Sur le dos membres inférieurs en extension ?,,,1,,,,,,,,,
SITE-3d3e5493a9a5f812,Sainte-Croix-en-Plaine,Ancien échangeur,3,inhumation,LT A,La Tène,LT A,Féminin,7,Sur le dos membres en extension,En espace vide possible,2,2,,2,,,,,,,
SITE-3d3e5493a9a5f812,Sainte-Croix-en-Plaine,Ancien échangeur,4,inhumation,LT A,La Tène,LT A,Féminin,2,Sur le dos membres en extension,"En espace vide, cercueil monoxyle ",1,1,,,,,,,,,
SITE-3d3e5493a9a5f812,Sainte-Croix-en-Plaine,Ancien échangeur,14,inhumation,LT A,La Tène,LT A,Féminin,5,,Squelette très mal conservé,1,,,1,,,,,,,
SITE-3d3e5493a9a5f812,Sainte-Croix-en-Plaine,Ancien échangeur,16,inhumation,Ha C,Hallstatt,Ha C,Féminin,2,Sur le dos membres en extension,"En espace vide, cercueil possible",,,,,,,,,,,
SITE-3d3e5493a9a5f812,Sainte-Croix-en-Plaine,Ancien échangeur,18,inhumation,Protohistoire indéterminé,indéterminé,Protohistoire indéterminé,Féminin,0,,,,,,,,,,,,,
SITE-3d3e5493a9a5f812,Sainte-Croix-en-Plaine,Ancien échangeur,25,inhumation,Ha D-LT A,Transition,Ha D3 / LT A,Féminin,1,,,,,,,,,,,,,
SITE-3d3e5493a9a5f812,Sainte-Croix-en-Plaine,Ancien échangeur,22,inhumation,Ha C,Hallstatt,Ha C,Féminin,1,"Sur le dos membres inférieurs en extension, membre supérieurs fléchis",,,,,,,,,,,,
SITE-3d3e5493a9a5f812,Sainte-Croix-en-Plaine,Ancien échangeur,50,inhumation,Protohistoire indéterminé,indéterminé,Protohistoire indéterminé,Féminin,0,Sur le dos membres en extension,,,,,,,,,,,,
SITE-3d3e5493a9a5f812,Sainte-Croix-en-Plaine,Ancien échangeur,114,inhumation,Ha D1,Hallstatt,Ha D1,Féminin,4, Sur le dos membres inférieurs et le membre supérieur droit en extension et le membres supérieur gauche fléchi,Squelette très mal conservé,,2,,,,,,,,,
SITE-3d3e5493a9a5f812,Sainte-Croix-en-Plaine,Ancien échangeur,57,inhumation,Protohistoire indéterminé,indéterminé,Protohistoire indéterminé,Féminin,0,,Squelette très mal conservé,,,,,,,,,,,
SITE-3d3e5493a9a5f812,Sainte-Croix-en-Plaine,Ancien échangeur,58,inhumation,Protohistoire indéterminé,indéterminé,Protohistoire indéterminé,Féminin,1,,,,,,,,,,,,,
SITE-3d3e5493a9a5f812,Sainte-Croix-en-Plaine,Ancien échangeur,59,inhumation,Ha D1-D2,Hallstatt,Ha D1-D2,Féminin,1,,Squelette très mal conservé,,1,,,,,,,,,
SITE-3d3e5493a9a5f812,Sainte-Croix-en-Plaine,Ancien échangeur,60,inhumation,Protohistoire indéterminé,indéterminé,Protohistoire indéterminé,Féminin,1,,Squelette très mal conservé,,,,,,,,,,,
SITE-3d3e5493a9a5f812,Sainte-Croix-en-Plaine,Ancien échangeur,65,inhumation,Ha C-D1,Hallstatt,Ha C-D1,Féminin,8,Sur le dos membres inférieurs en extension,"En espace vide, cercueil monoxyle ",,1,,,,,,,,,
SITE-3d3e5493a9a5f812,Sainte-Croix-en-Plaine,Ancien échangeur,81,inhumation,Ha C-D1,Hallstatt,Ha C-D1,Féminin,2,"Sur le dos membres inférieurs en extension, membre supérieurs fléchis",Squelette très mal conservé,,,,,,,,,,,
SITE-3d3e5493a9a5f812,Sainte-Croix-en-Plaine,Ancien échangeur,87,inhumation,LT A,La Tène,LT A,Féminin,5,Sur le dos membres en extension,,,2,,1,,,,,,,
SITE-3d3e5493a9a5f812,Sainte-Croix-en-Plaine,Ancien échangeur,112,inhumation,Protohistoire indéterminé,indéterminé,Protohistoire indéterminé,Féminin,1,,Squelette très mal conservé,,,,,,,,,1,,
SITE-3d3e5493a9a5f812,Sainte-Croix-en-Plaine,Ancien échangeur  HE,115,inhumation,Ha C-D1,Hallstatt,Ha C-D1,Féminin,10,Sur le dos membres en extension,"En espace vide, cercueil possible",,1,,,,,,,1,,
SITE-3d3e5493a9a5f812,Sainte-Croix-en-Plaine,Ancien échangeur  HE,79,inhumation,Ha C,Hallstatt,Ha C,Féminin,3,"Sur le dos membres inférieurs en extension, membre supérieurs fléchis",Squelette très mal conservé,,,,,,,,,2,1,
SITE-3d3e5493a9a5f812,Sainte-Croix-en-Plaine,Oberes Holzackerfeld,1,inhumation,Protohistoire indéterminé,indéterminé,Protohistoire indéterminé,Féminin,3,,,,,,,,,,,,,
SITE-402d0e4840aa6ba2,Vandières,Les Cugnots,1063,inhumation,Ha D3-LT A,Transition,Ha D3 / LT A,Féminin,1,,,,1,,,,,,,,,
SITE-402d0e4840aa6ba2,Vandières,Les Cugnots,1064,inhumation,Ha D3,Hallstatt,Ha D3,Féminin,5,,,,2,2,1,,,,,,,
SITE-402d0e4840aa6ba2,Vandières,Les Cugnots,1066,inhumation,Ha D3,Hallstatt,Ha D3,Féminin,5,,,1,2,2,,,,,,,,
SITE-402d0e4840aa6ba2,Vandières,Les Cugnots,1070,inhumation,Ha D-LT A,Transition,Ha D3 / LT A,Féminin,8,,,2,2,2,1,,,,,,,
SITE-402d0e4840aa6ba2,Vandières,Les Cugnots,1072,inhumation,Ha D2,Hallstatt,Ha D2,Féminin,5,,,,2,2,1,,,,,,,
SITE-402d0e4840aa6ba2,Vandières,Les Cugnots,1077,inhumation,Ha D1-D2,Hallstatt,Ha D1-D2,Féminin,3,,,,,2,1,,,,,,,
SITE-402d0e4840aa6ba2,Vandières,Les Cugnots,1085,inhumation,Ha D-LT A,Transition,Ha D3 / LT A,Féminin,2,,,,,,,,,,,,,
SITE-402d0e4840aa6ba2,Vandières,Les Cugnots,1087,inhumation,Ha D3-LT A,Transition,Ha D3 / LT A,Féminin,21,,,3,,2,,,,,,,,4
SITE-402d0e4840aa6ba2,Vandières,Les Cugnots,1088,inhumation,Ha D2,Hallstatt,Ha D2,Féminin,6,,,2,2,2,,,,,,,,
SITE-402d0e4840aa6ba2,Vandières,Les Cugnots,4525,inhumation,Ha D3,Hallstatt,Ha D3,Féminin,2,,,2,,,,,,,,,,
SITE-402d0e4840aa6ba2,Vandières,Les Cugnots,4222,inhumation,Ha D3,Hallstatt,Ha D3,Féminin,2,,,1,,,,,,,,,,
SITE-402d0e4840aa6ba2,Vandières,Les Cugnots,4496,inhumation,Ha D,Hallstatt,Ha D,Féminin,4,,,,2,2,,,,,,,,
SITE-402d0e4840aa6ba2,Vandières,Les Cugnots,4267,inhumation,Ha D3,Hallstatt,Ha D3,Féminin,7,,,,2,2,1,,,,,,,
SITE-402d0e4840aa6ba2,Vandières,Les Cugnots,4159,inhumation,Ha D3,Hallstatt,Ha D3,Féminin,2,,,,2,,,,,,,,,
SITE-402d0e4840aa6ba2,Vandières,Les Cugnots,4420,inhumation,Ha D3,Hallstatt,Ha D3,Féminin,5,,,,2,,1,,,,,,,
SITE-402d0e4840aa6ba2,Vandières,Les Cugnots,4167,inhumation,Ha D,Hallstatt,Ha D,Féminin,2,,,,2,,,,,,,,,
SITE-402d0e4840aa6ba2,Vandières,Les Cugnots,4161,inhumation,Ha D3,Hallstatt,Ha D3,Féminin,4,,,,2,2,,,,,,,,
SITE-402d0e4840aa6ba2,Vandières,Les Cugnots,4282,inhumation,Ha D3,Hallstatt,Ha D3,Féminin,4,,,,2,2,,,,,,,,
SITE-402d0e4840aa6ba2,Vandières,Les Cugnots,4418,inhumation,LT A,La Tène,LT A,Féminin,3,,,1,2,,,,,,,,,
SITE-402d0e4840aa6ba2,Vandières,Les Cugnots,4437,inhumation,Ha D3,Hallstatt,Ha D3,Féminin,1,,,,1,,,,,,,,,
SITE-402d0e4840aa6ba2,Vandières,Les Cugnots,4421,inhumation,Ha D3,Hallstatt,Ha D3,Féminin,6,,,,3,2,1,,,,,,,
SITE-402d0e4840aa6ba2,Vandières,Les Cugnots,4430,inhumation,Ha D2,Hallstatt,Ha D2,Féminin,5,,,,2,2,,,,,,,,
SITE-402d0e4840aa6ba2,Vandières,Les Cugnots,4164,inhumation,Ha D3,Hallstatt,Ha D3,Féminin,10,,,4,2,3,,,,,,,,
SITE-402d0e4840aa6ba2,Vandières,Les Cugnots,4431,inhumation,Ha D3,Hallstatt,Ha D3,Féminin,8,,,2,2,2,,,,,,,,
SITE-402d0e4840aa6ba2,Vandières,Les Cugnots,4158,inhumation,Ha D3,Hallstatt,Ha D3,Féminin,4,,,,2,2,,,,,,,,
SITE-402d0e4840aa6ba2,Vandières,Les Cugnots,4163,inhumation,Ha D3-LT A,Transition,Ha D3 / LT A,Féminin,2,,,,2,,,,,,,,,
SITE-402d0e4840aa6ba2,Vandières,Les Cugnots,4423,inhumation,Ha D,Hallstatt,Ha D,Féminin,4,,,,2,2,,,,,,,,
SITE-402d0e4840aa6ba2,Vandières,Les Cugnots,4162,inhumation,Ha D3,Hallstatt,Ha D3,Féminin,4,,,,1,2,,,,,,,,
SITE-402d0e4840aa6ba2,Vandières,Les Cugnots,4004,inhumation,LT A,La Tène,LT A,Féminin,4,,,1,3,,,,,,,,,
SITE-402d0e4840aa6ba2,Vandières,Les Cugnots,4006,inhumation,Ha D3,Hallstatt,Ha D3,Féminin,4,,,2,,2,,,,,,,,
SITE-402d0e4840aa6ba2,Vandières,Les Cugnots,4008,inhumation,Ha D2,Hallstatt,Ha D2,Féminin,3,,,,,2,,,,,,,,
SITE-402d0e4840aa6ba2,Vandières,Les Cugnots,4009,inhumation,Ha D3,Hallstatt,Ha D3,Féminin,5,,,2,,2,1,,,,,,,
SITE-402d0e4840aa6ba2,Vandières,Les Cugnots,4010,inhumation,Ha D,Hallstatt,Ha D,Féminin,2,,,,2,,,,,,,,,
SITE-402d0e4840aa6ba2,Vandières,Les Cugnots,4011,inhumation,Ha D3,Hallstatt,Ha D3,Féminin,2,,,,,2,,,,,,,,
SITE-402d0e4840aa6ba2,Vandières,Les Cugnots,4310,inhumation,Ha D3,Hallstatt,Ha D3,Féminin,4,,,2,2,,,,,,,,,
SITE-402d0e4840aa6ba2,Vandières,Les Cugnots,4103,inhumation,LT A,La Tène,LT A,Féminin,6,,,2,2,1,,1,,,,,,
SITE-402d0e4840aa6ba2,Vandières,Les Cugnots,4428,inhumation,Ha D2-D3,Hallstatt,Ha D2-D3,Féminin,2,,,1,,1,,,,,,,,
SITE-402d0e4840aa6ba2,Vandières,Les Cugnots,4429,inhumation,Ha D,Hallstatt,Ha D,Féminin,1,,,,1,,,,,,,,,
SITE-402d0e4840aa6ba2,Vandières,Les Cugnots,4315,inhumation,Ha D3,Hallstatt,Ha D3,Féminin,6,,,,4,2,,,,,,,,
SITE-402d0e4840aa6ba2,Vandières,Les Cugnots,4316,inhumation,Ha D-LT A,Transition,Ha D3 / LT A,Féminin,2,,,,2,,,,,,,,,
SITE-402d0e4840aa6ba2,Vandières,Les Cugnots,4365,inhumation,Ha D3,Hallstatt,Ha D3,Féminin,4,,,,2,2,,,,,,,,
SITE-402d0e4840aa6ba2,Vandières,Les Cugnots,4368,inhumation,Ha D3,Hallstatt,Ha D3,Féminin,2,,,1,,,1,,,,,,,
SITE-402d0e4840aa6ba2,Vandières,Les Cugnots,4414,inhumation,Ha D3,Hallstatt,Ha D3,Féminin,5,,,1,2,2,,,,,,,,
SITE-402d0e4840aa6ba2,Vandières,Les Cugnots,4439,inhumation,Ha D3,Hallstatt,Ha D3,Féminin,4,,,,2,2,,,,,,,,
SITE-402d0e4840aa6ba2,Vandières,Les Cugnots,4448,inhumation,Ha D,Hallstatt,Ha D,Féminin,2,,,,2,,,,,,,,,
SITE-402d0e4840aa6ba2,Vandières,Les Cugnots,4483,inhumation,Ha D2-D3,Hallstatt,Ha D2-D3,Féminin,7,,,2,2,2,,,,,,,,
SITE-402d0e4840aa6ba2,Vandières,Les Cugnots,4477a,inhumation,Ha D3,Hallstatt,Ha D3,Féminin,5,,,1,2,2,,,,,,,,
SITE-402d0e4840aa6ba2,Vandières,Les Cugnots,4477b,inhumation,Ha D3,Hallstatt,Ha D3,Féminin,5,,,,3,2,,,,,,,,
SITE-402d0e4840aa6ba2,Vandières,Les Cugnots,4490a,inhumation,Ha D3,Hallstatt,Ha D3,Féminin,3,,,,1,2,,,,,,,,
SITE-402d0e4840aa6ba2,Vandières,Les Cugnots,4490b,inhumation,Ha D3,Hallstatt,Ha D3,Féminin,2,,,,,,,,,,,,,
SITE-71d436399070bd73,Eckwersheim,"Burgweg Rechts,LGV Est Européenne 2e phase - zone de stockage",6011,inhumation,Ha C2-D1,Hallstatt,Ha C2-D1,Féminin,1,sur le dos,,,,,,,,,,,,
SITE-71d436399070bd73,Eckwersheim,"Burgweg Rechts,LGV Est Européenne 2e phase - zone de stockage",6001,inhumation,Ha D1a,Hallstatt,Ha D1a,Masculin,4,sur le dos ?,,1,,,,,,,,,,
SITE-71d436399070bd73,Eckwersheim,"Burgweg Rechts,LGV Est Européenne 2e phase - zone de stockage",6002,inhumation,Ha D1-D2,Hallstatt,Ha D1-D2,Féminin,4,sur le dos  ,,,2,,,1,,,,,,
SITE-71d436399070bd73,Eckwersheim,"Burgweg Rechts,LGV Est Européenne 2e phase - zone de stockage",6003,inhumation,Ha D1-D2,Hallstatt,Ha D1-D2,Féminin,5,sur le dos avec bras repliés sur le corps,,1,,,1,2,,,,,,
SITE-71d436399070bd73,Eckwersheim,"Burgweg Rechts,LGV Est Européenne 2e phase - zone de stockage",6004,inhumation,Ha D3,Hallstatt,Ha D3,Indéterminé,2,sur le dos ?,,2,,,,,,,,,,
SITE-71d436399070bd73,Eckwersheim,"Burgweg Rechts,LGV Est Européenne 2e phase - zone de stockage",6005,inhumation,Ha D1,Hallstatt,Ha D1,Immature,4,sur le dos,,,3,,,,,,,,,
SITE-71d436399070bd73,Eckwersheim,"Burgweg Rechts,LGV Est Européenne 2e phase - zone de stockage",6006,inhumation,Ha D,Hallstatt,Ha D,Indéterminé,1,sur le dos ?,,,1,,,,,,,,,
SITE-71d436399070bd73,Eckwersheim,"Burgweg Rechts,LGV Est Européenne 2e phase - zone de stockage",6007,inhumation,Ha D1,Hallstatt,Ha D1,Féminin,105,sur le dos,,,2,,1,2,,,,,,100
SITE-71d436399070bd73,Eckwersheim,"Burgweg Rechts,LGV Est Européenne 2e phase - zone de stockage",6008a,inhumation,Ha D1-D2,Hallstatt,Ha D1-D2,Féminin,6,sur le dos,,,2,,1,,,,,1,,
SITE-71d436399070bd73,Eckwersheim,"Burgweg Rechts,LGV Est Européenne 2e phase - zone de stockage",6008a,inhumation,Ha D1,Hallstatt,Ha D1,Indéterminé,2,,,2,,,,,,,,,,
SITE-71d436399070bd73,Eckwersheim,"Burgweg Rechts,LGV Est Européenne 2e phase - zone de stockage",6014,inhumation,Ha C-D,Hallstatt,Ha C-D,Indéterminé,1,,,,,,,,,,,,,
SITE-71d436399070bd73,Eckwersheim,"Burgweg Rechts,LGV Est Européenne 2e phase - zone de stockage",6026,inhumation,Ha D1-D2,Hallstatt,Ha D1-D2,Féminin,8,"sur le dos, avant-bras replié",,,3,,1,2,,,,,,
SITE-71d436399070bd73,Eckwersheim,"Burgweg Rechts,LGV Est Européenne 2e phase - zone de stockage",6027,inhumation,Ha D1,Hallstatt,Ha D1,Féminin,12,Sur le dos,,,2,,1,2,,,,,,
SITE-4cb9e26a3ee1b9e2,Kolbsheim,Kurze Straenge (COS 2.2),40,inhumation,Ha D1,Hallstatt,Ha D1,Féminin,9,sur le dos,espace vide (contenant rigide), , , ,, ,,,, ,1,3
SITE-4cb9e26a3ee1b9e2,Kolbsheim,Kurze Straenge (COS 2.2),43     (individu 2),"inhumation, tombe triple",Ha D1,Hallstatt,Ha D1,Féminin,4,sur le ventre,espace colmaté, ,1, , , ,,,, ,1, 
SITE-4cb9e26a3ee1b9e2,Kolbsheim,Kurze Straenge (COS 2.2),48,inhumation,Ha D1,Hallstatt,Ha D1,Féminin,2,sur le dos,espace vide (contenant rigide), ,1, , , ,,,, , ,1
SITE-4cb9e26a3ee1b9e2,Kolbsheim,Kurze Straenge (COS 2.2),51,inhumation,Ha,Hallstatt,Ha,Indéterminé,1,sur le dos,espace vide (contenant rigide), , , , ,1,,,, , , 
SITE-4cb9e26a3ee1b9e2,Kolbsheim,Kurze Straenge (COS 2.2),52,inhumation,Ha,Hallstatt,Ha,Masculin,2,sur le dos,espace vide (contenant rigide), , , , , ,,,, , , 
SITE-4cb9e26a3ee1b9e2,Kolbsheim,Kurze Straenge (COS 2.2),54,inhumation,Ha D1,Hallstatt,Ha D1,Féminin,2,sur le dos,espace vide (contenant rigide), , , , , ,,,, , ,1
SITE-4cb9e26a3ee1b9e2,Kolbsheim,Kurze Straenge (COS 2.2),59,inhumation,Ha D1,Hallstatt,Ha D1,Indéterminé,4,sur le dos,espace vide (contenant rigide), , , , , ,,,,1,1, 
SITE-4cb9e26a3ee1b9e2,Kolbsheim,Kurze Straenge (COS 2.2),61,inhumation,Ha,Hallstatt,Ha,Masculin,1,sur le dos,espace vide (contenant rigide), , , , , ,,,, , , 
SITE-4cb9e26a3ee1b9e2,Kolbsheim,Kurze Straenge (COS 2.2),"62     (individu 1, 2 ou 3 ?)","inhumation, tombe triple",Ha C-D1,Hallstatt,Ha C-D1,Masculin,1,"sur le dos, sur le ventre",indét, ,1, , , ,,,, , , 
SITE-4cb9e26a3ee1b9e2,Kolbsheim,Kurze Straenge (COS 2.2),76,inhumation,Ha D1-D2,Hallstatt,Ha D1-D2,Indéterminé,1,sur le dos,espace vide (contenant rigide), , , , , ,,,, ,1, 
SITE-4cb9e26a3ee1b9e2,Kolbsheim,Kurze Straenge (COS 2.2),78,inhumation,Ha C-D,Hallstatt,Ha C-D,Indéterminé,1,sur le dos,indét, , , , , ,,,, , , 
SITE-4cb9e26a3ee1b9e2,Kolbsheim,Kurze Straenge (COS 2.2),85,inhumation,Ha D1-D2,Hallstatt,Ha D1-D2,Indéterminé,1,"sur le côté droit, hyperfléchie",indét, , , , , ,,,,1, , 
SITE-4cb9e26a3ee1b9e2,Kolbsheim,Kurze Straenge (COS 2.2),86,inhumation,Ha D1-D2,Hallstatt,Ha D1-D2,Féminin,2,sur le dos,espace vide, , , , , ,,,,1, , 
SITE-4cb9e26a3ee1b9e2,Kolbsheim,Kurze Straenge (COS 2.2),103 (individu 1),"inhumation, tombe double",Ha D1-D2,Hallstatt,Ha D1-D2,Féminin,2,sur le dos,espace vide (contenant rigide), , , , , ,,,,2, , 
SITE-19fa5b123f1517a5,Kolbsheim,Knoblochsberg (COS 2.1),125,inhumation,Ha D1-D2,Hallstatt,Ha D1-D2,Indéterminé,2,sur le dos,indét, , , , , ,,,,2, , 
SITE-19fa5b123f1517a5,Kolbsheim,Knoblochsberg (COS 2.1),126,inhumation,Ha D1-D2,Hallstatt,Ha D1-D2,Indéterminé,2,indét,indét, , , , , ,,,,1, , 
SITE-19fa5b123f1517a5,Kolbsheim,Knoblochsberg (COS 2.1),160,inhumation,Ha D1-D2,Hallstatt,Ha D1-D2,Indéterminé,2,sur le dos,colmatage différé ?, , , , , ,,,,2, , 
SITE-19fa5b123f1517a5,Kolbsheim,Knoblochsberg (COS 2.1),161,inhumation,Ha D1,Hallstatt,Ha D1,Féminin ?,9,sur le dos,indét, ,1, , , ,,,,2, ,2
SITE-19fa5b123f1517a5,Kolbsheim,Knoblochsberg (COS 2.1),137,inhumation,Ha D1-D2,Hallstatt,Ha D1-D2,Indéterminé,1,sur le dos,indét, , , , , ,,,,1, , 
SITE-19fa5b123f1517a5,Kolbsheim,Knoblochsberg (COS 2.1),142,inhumation,Ha D1,Hallstatt,Ha D1,Indéterminé,1,sur le dos,indét, ,1, , , ,,,, , , 
SITE-71efb333f04153a8,Fameck,Rue d'Uckange,54,inhumation,Ha D-LT A,Transition,Ha D3 / LT A,Indéterminé,0,Pas d'os conservé,Pas d'os conservé,,,,,,,,,,,
SITE-253aca6f669c9e1a,Ittenheim,Achenheimer Berg (site COS 2.11),16,inhumation,Ha D1,Hallstatt,Ha D1,Indéterminé,1,sur le dos,indét,,,,,,,,,1,,
SITE-deadb588592cfc1d,Colmar,Rue des Aunes,172,inhumation,Ha D1,Hallstatt,Ha D1,Féminin ?,58,sur le dos,espace vide (contenant rigide encore conservé),,,,,,,,,2,47,6
SITE-607510ecd43367b0,Griesheim-sur-Souffel,Site COS 4.2 - Flaschen,233,inhumation,Ha D1,Hallstatt,Ha D1,Féminin ?,5,"sur le dos, membres en extension",espace vide, ,1, ,1, ,,,, , , 
SITE-607510ecd43367b0,Griesheim-sur-Souffel,Site COS 4.2 - Flaschen,245,inhumation,Ha D-LT A,Transition,Ha D3 / LT A,Masculin ?,0,"sur le dos, membres en extension",espace vide, , , , , ,,,, , , 
SITE-607510ecd43367b0,Griesheim-sur-Souffel,Site COS 4.2 - Flaschen,247,inhumation,Ha C-D ?,Hallstatt,Ha C-D ?,Masculin ?,1,"sur le dos, membres en extension",espace vide, , , , , ,,,, , , 
SITE-607510ecd43367b0,Griesheim-sur-Souffel,Site COS 4.2 - Flaschen,271,"inhumation, tombe double",Ha D1-D2,Hallstatt,Ha D1-D2,Féminin ?,2,"sur le dos, membres en extension",espace vide, , , , ,1,,,, , , 
SITE-607510ecd43367b0,Griesheim-sur-Souffel,Site COS 4.2 - Flaschen,398,inhumation,Ha D1,Hallstatt,Ha D1,Féminin ?,15,"sur le dos, membres en extension",espace vide, ,2, , ,9,,,, , , 
SITE-bde33d8d6d59fbf7,Pfulgriesheim,Site COS 4.2bis - Kammeracker,425,inhumation,Ha D1-D2,Hallstatt,Ha D1-D2,Féminin ?,1,"sur le dos, membres en extension", , , , ,1, ,,,, , , 
SITE-bde33d8d6d59fbf7,Pfulgriesheim,Site COS 4.2bis - Kammeracker,426,inhumation,Ha D1,Hallstatt,Ha D1,Indéterminé,3,"sur le dos, membres en extension", , , , , , ,,,, , , 
SITE-bde33d8d6d59fbf7,Pfulgriesheim,Site COS 4.2bis - Kammeracker,427,inhumation,Ha D1-D2,Hallstatt,Ha D1-D2,Féminin ?,1,"sur le dos, membres en extension", , , , , , ,,,, , , 
SITE-bde33d8d6d59fbf7,Pfulgriesheim,Site COS 4.2bis - Kammeracker,429,inhumation,Ha D1-D2,Hallstatt,Ha D1-D2,Indéterminé,2,"sur le dos, membres en extension", , ,1, , , ,,,, , , 
SITE-bde33d8d6d59fbf7,Pfulgriesheim,Site COS 4.2bis - Kammeracker,431,inhumation,Ha D1,Hallstatt,Ha D1,Féminin ?,2,"sur le dos, membres en extension", , , , , , ,,,, , , 
SITE-bde33d8d6d59fbf7,Pfulgriesheim,Site COS 4.2bis - Kammeracker,432,inhumation,Ha,Hallstatt,Ha,Indéterminé,1,"sur le dos, membres en extension", , , , , , ,,,, , , 
SITE-bde33d8d6d59fbf7,Pfulgriesheim,Site COS 4.2bis - Kammeracker,433,inhumation,Ha D1,Hallstatt,Ha D1,Féminin ?,15,"sur le dos, membres en extension", ,2,6, , , ,,,, , , 
SITE-bde33d8d6d59fbf7,Pfulgriesheim,Site COS 4.2bis - Kammeracker,434,inhumation,Ha D1,Hallstatt,Ha D1,Indéterminé,13,"sur le dos, membres en extension", , ,7, , , ,,,, , , 
SITE-bde33d8d6d59fbf7,Pfulgriesheim,Site COS 4.2bis - Kammeracker,444,inhumation,Ha D1-D2,Hallstatt,Ha D1-D2,Féminin ?,17,"sur le dos, membres en extension", , ,4, , , ,,,, , , 
SITE-bde33d8d6d59fbf7,Pfulgriesheim,Site COS 4.2bis - Kammeracker,441,inhumation,Ha D1-D2,Hallstatt,Ha D1-D2,Féminin ?,2,"sur le dos, membres en extension", , , , ,1, ,,,, , , 
SITE-bde33d8d6d59fbf7,Pfulgriesheim,Site COS 4.2bis - Kammeracker,439,inhumation,Ha D1-D2,Hallstatt,Ha D1-D2,Indéterminé,1,"sur le dos, membres en extension", , , , , , ,,,, , , 
SITE-bde33d8d6d59fbf7,Pfulgriesheim,Site COS 4.2bis - Kammeracker,436,inhumation,Ha D1,Hallstatt,Ha D1,Indéterminé,1, , , ,1, , , ,,,, , , 
SITE-bde33d8d6d59fbf7,Pfulgriesheim,Site COS 4.2bis - Kammeracker,435,inhumation,Ha D1,Hallstatt,Ha D1,Féminin ?,4,"sur le dos, membres en extension",, ,2, ,1, ,,,, , , 
SITE-1fcb1309d745f9de,Marmoutier,Kurzaeckerle/Muehlmatten,1050,inhumation,Ha D1,Hallstatt,Ha D1,Indéterminé,4,sur le dos ,espace vide,,2,,,,,,,2,,
SITE-1fcb1309d745f9de,Marmoutier,Kurzaeckerle/Muehlmatten,1058,inhumation,Ha D1,Hallstatt,Ha D1,Immature,5,indéterminé,indéterminé,,2,,,,,,,,1,
SITE-1fcb1309d745f9de,Marmoutier,Kurzaeckerle/Muehlmatten,1060,inhumation,Ha D1,Hallstatt,Ha D1,féminin,7,sur le dos ,espace vide,,2,,1,2,,,,,,
SITE-1fcb1309d745f9de,Marmoutier,Kurzaeckerle/Muehlmatten,1061,inhumation,Ha D1-D2,Hallstatt,Ha D1-D2,Indéterminé,1,sur le dos ,espace vide,,,,,,,,,,,
SITE-1fcb1309d745f9de,Marmoutier,Kurzaeckerle/Muehlmatten,1062,inhumation,Ha D1,Hallstatt,Ha D1,Indéterminé,2,sur le dos ,espace vide,,,,,,,,,1,,
SITE-1fcb1309d745f9de,Marmoutier,Kurzaeckerle/Muehlmatten,1067,inhumation,Ha D1,Hallstatt,Ha D1,Indéterminé,3,sur le dos ,espace vide,,,,,,,,,,1,
SITE-1fcb1309d745f9de,Marmoutier,Kurzaeckerle/Muehlmatten,1068,inhumation,Ha D1,Hallstatt,Ha D1,féminin,5,sur le dos ,espace vide,,2,,1,,,,,,,
SITE-4632c5de79b2a41b,Ensisheim,Reguisheimer Feld/ZAID tranche 3,54,inhumation,BF IIIb,Bronze final,BF IIIb,Indéterminé,1,sur le dos ,indéterminé,,,,,,,,,,,
SITE-4632c5de79b2a41b,Ensisheim,Reguisheimer Feld/ZAID tranche 3,205,inhumation,Ha C2,Hallstatt,Ha C2,Indéterminé,2,sur le dos ,indéterminé,,2,,,,,,,,,
SITE-4632c5de79b2a41b,Ensisheim,Reguisheimer Feld/ZAID tranche 3,208,inhumation,Ha C1,Hallstatt,Ha C1,Indéterminé,4,indéterminé,indéterminé,,,,,,,,,2,,
SITE-4632c5de79b2a41b,Ensisheim,Reguisheimer Feld/ZAID tranche 3,195004,inhumation,Ha C1,Hallstatt,Ha C1,Indéterminé,1,indéterminé,indéterminé,,,,,,,,,,,
SITE-4632c5de79b2a41b,Ensisheim,Reguisheimer Feld/ZAID tranche 4,14694,inhumation,Ha C,Hallstatt,Ha C,Indéterminé,0,sur le côté,indéterminé,,,,,,,,,,,
SITE-4632c5de79b2a41b,Ensisheim,Reguisheimer Feld/ZAID tranche 4,14695,inhumation,Ha C2,Hallstatt,Ha C2,Indéterminé,3,sur le dos ,espace vide,,,,,,,,,,,
SITE-4632c5de79b2a41b,Ensisheim,Reguisheimer Feld/ZAID tranche 4,17113,inhumation,Ha D,Hallstatt,Ha D,Indéterminé,3,sur le dos ,indéterminé,,,,,,,,,,,
SITE-4632c5de79b2a41b,Ensisheim,Reguisheimer Feld/ZAID tranche 4,17115,inhumation,Ha D1,Hallstatt,Ha D1,Indéterminé,14,sur le dos ,indéterminé,,,,,2,,,,2,1,2
SITE-4632c5de79b2a41b,Ensisheim,Reguisheimer Feld/ZAID tranche 4,17165,inhumation,Ha D1,Hallstatt,Ha D1,Indéterminé,2,sur le dos ,espace vide,,,,,,,,,,,
SITE-4632c5de79b2a41b,Ensisheim,Reguisheimer Feld/ZAID tranche 4,17166,inhumation,Ha D1,Hallstatt,Ha D1,Indéterminé,2,sur le dos ,"espace vide, traces cerceuil",,,,,,,,,,,
SITE-4632c5de79b2a41b,Ensisheim,Reguisheimer Feld/ZAID tranche 4,17171,inhumation,Ha D1,Hallstatt,Ha D1,Indéterminé,8,indéterminé,indéterminé,,,,,2,,,,2,1,
SITE-4632c5de79b2a41b,Ensisheim,Reguisheimer Feld/ZAID tranche 4,17209,inhumation,Ha D1,Hallstatt,Ha D1,Indéterminé,3,indéterminé,espace vide,,,,,,,,,,,
SITE-f03acea0267070c9,Wettolsheim,Ricoh,17,inhumation,Ha,Hallstatt,Ha,Immature,1,sur le dos ,espace vide,,,,,,,,,,,
SITE-f03acea0267070c9,Wettolsheim,Ricoh,18,"inhumation, tombe double ?",Ha,Hallstatt,Ha,Indéterminé,1,indéterminé,espace vide,,,,,,,,,,,
SITE-f03acea0267070c9,Wettolsheim,Ricoh,54,inhumation,Ha C,Hallstatt,Ha C,Indéterminé,4,sur le dos ,espace vide,,,,,,,,,,,
SITE-f03acea0267070c9,Wettolsheim,Ricoh,363,inhumation,Ha,Hallstatt,Ha,Indéterminé,2,sur le dos ,indéterminé,,,,,,,,,,,
SITE-f03acea0267070c9,Wettolsheim,Ricoh,401a,inhumation,Ha C2-D1,Hallstatt,Ha C2-D1,Immature,10,sur le dos ,espace vide,,2,,,,,,,,,
SITE-f03acea0267070c9,Wettolsheim,Ricoh,405,inhumation,Ha C2-D1,Hallstatt,Ha C2-D1,Indéterminé,4,sur le dos ,"espace vide, vestige d'un coffre",,2,,,,,,,1,,1
SITE-f03acea0267070c9,Wettolsheim,Ricoh,459,inhumation,Ha D1,Hallstatt,Ha D1,Indéterminé,4,sur le dos ,espace vide,,,,,2,,,,2,,
SITE-f03acea0267070c9,Wettolsheim,Ricoh,701,inhumation,Ha D1,Hallstatt,Ha D1,Indéterminé,5,sur le côté,espace vide,,,,,,,,,2,2,
SITE-f03acea0267070c9,Wettolsheim,Ricoh,736,inhumation,Ha,Hallstatt,Ha,Indéterminé,3,sur le dos ,espace vide,,,,,,,,,,,
SITE-f03acea0267070c9,Wettolsheim,Ricoh,753a,inhumation,Ha D1,Hallstatt,Ha D1,Indéterminé,6,sur le dos ,"espace vide, traces du cercueil",,2,,,1,,,,,1,
SITE-f03acea0267070c9,Wettolsheim,Ricoh,776,inhumation,Ha C2-D1,Hallstatt,Ha C2-D1,Indéterminé,3,sur le dos ,espace vide,,2,,,,,,,,,
SITE-f03acea0267070c9,Wettolsheim,Ricoh,929,inhumation,Ha C2-D1,Hallstatt,Ha C2-D1,Indéterminé,6,sur le dos ,indéterminé,,,,,,,,,1,,
SITE-f03acea0267070c9,Wettolsheim,Ricoh,1061,inhumation,Ha C,Hallstatt,Ha C,Indéterminé,3,sur le côté,indéterminé,,,,,,,,,,,
SITE-f03acea0267070c9,Wettolsheim,Ricoh,1065,inhumation,Ha C,Hallstatt,Ha C,Indéterminé,8,sur le dos ,indéterminé,,,,,,,,,,,
SITE-f03acea0267070c9,Wettolsheim,Ricoh,1074,inhumation,Ha C2-D1,Hallstatt,Ha C2-D1,Masculin,8,sur le dos ,"espace vide, traces de coffre",,,,,,,,,2,,
SITE-f03acea0267070c9,Wettolsheim,Ricoh,1078,inhumation,Ha C2-D1,Hallstatt,Ha C2-D1,Indéterminé,5,indéterminé,indéterminé,,,,,,,,,,,
SITE-f03acea0267070c9,Wettolsheim,Ricoh,1088/1,inhumation,Ha D1,Hallstatt,Ha D1,féminin,13,sur le dos ,indéterminé,,,,,,,,,,2,
SITE-f03acea0267070c9,Wettolsheim,Ricoh,1088/2,inhumation,Ha D1,Hallstatt,Ha D1,Immature,0,sur le côté,indéterminé,,,,,,,,,,,
SITE-1cb1065d7bc44e20,Nordhouse,Buerckelmatt,3,inhumation,Ha C-D1,Hallstatt,Ha C-D1,féminin,2,sur le dos,indéterminé,,,,,,,,,1,,1
SITE-1cb1065d7bc44e20,Nordhouse,Buerckelmatt,7a,inhumation,Ha D1,Hallstatt,Ha D1,Masculin,2,sur le dos,espace vide,2,,,,,,,,,,
SITE-1cb1065d7bc44e20,Nordhouse,Buerckelmatt,8,inhumation,Ha D1,Hallstatt,Ha D1,féminin,4,sur le dos,indéterminé,,2,2,,,,,,,,
SITE-1cb1065d7bc44e20,Nordhouse,Buerckelmatt,10,inhumation,Ha C,Hallstatt,Ha C,féminin,1,sur le dos,espace vide,,,,,,,,,1,,
SITE-1cb1065d7bc44e20,Nordhouse,Buerckelmatt,11,inhumation,Ha D1,Hallstatt,Ha D1,féminin,5,sur le dos,espace vide,,2,,,2,,,,,,
SITE-1cb1065d7bc44e20,Nordhouse,Buerckelmatt,13a et b,inhumation,Ha D3,Hallstatt,Ha D3,féminin,4,sur le dos,indéterminé,1,1,1,,,,,,,,
SITE-1cb1065d7bc44e20,Nordhouse,Buerckelmatt,14,inhumation,Ha C,Hallstatt,Ha C,Masculin,2,sur le dos,espace vide,,1,,,,,,,,,
SITE-1cb1065d7bc44e20,Nordhouse,Buerckelmatt,16,inhumation,Ha C-D1,Hallstatt,Ha C-D1,féminin,3,sur le dos,indéterminé,,,,,,,,,2,,1
SITE-1cb1065d7bc44e20,Nordhouse,Buerckelmatt,A Kim,inhumation,Ha D3,Hallstatt,Ha D3,féminin,2,sur le dos,indéterminé,1,,1,,,,,,,,
SITE-1cb1065d7bc44e20,Nordhouse,Buerckelmatt,3,inhumation,Ha,Hallstatt,Ha,Indéterminé,1,sur le dos,espace vide,,,,,,,,,,,
SITE-1cb1065d7bc44e20,Nordhouse,Buerckelmatt,6.1 et 2,inhumation,Ha,Hallstatt,Ha,Indéterminé,1,sur le dos,espace vide,,,,,,,,,,1,
SITE-1cb1065d7bc44e20,Nordhouse,Buerckelmatt,8,inhumation,Ha C-D1,Hallstatt,Ha C-D1,féminin,2,sur le côté,espace vide,,,,,,,,,1,,1
SITE-1cb1065d7bc44e20,Nordhouse,Buerckelmatt,9,inhumation,Ha C-D1,Hallstatt,Ha C-D1,féminin,1,sur le dos,espace vide,,,,,,,,,1,,
SITE-1cb1065d7bc44e20,Nordhouse,Buerckelmatt,10,inhumation,Ha C,Hallstatt,Ha C,féminin,3,sur le côté,espace vide,,,,,,,,,2,,1
SITE-1cb1065d7bc44e20,Nordhouse,Buerckelmatt,12,inhumation,Ha,Hallstatt,Ha,Indéterminé,2,sur le dos,espace vide,,,,,,,,,,,
SITE-1cb1065d7bc44e20,Nordhouse,Buerckelmatt,17,inhumation,Ha D1-D2,Hallstatt,Ha D1-D2,Indéterminé,6,sur le dos,espace vide,,2,,,,,,,,,
SITE-1cb1065d7bc44e20,Nordhouse,Buerckelmatt,18,inhumation,Ha C-D1,Hallstatt,Ha C-D1,féminin,1,indéterminé,indéterminé,,,,,,,,,1,,
SITE-1cb1065d7bc44e20,Nordhouse,Buerckelmatt,19,inhumation,Ha C-D1,Hallstatt,Ha C-D1,Indéterminé,1,sur le dos,espace vide,,,,,,,,,,,
SITE-1cb1065d7bc44e20,Nordhouse,Buerckelmatt,20,inhumation,Ha D1,Hallstatt,Ha D1,Masculin,1,sur le dos,espace vide,,,,,,,,,,,
SITE-1cb1065d7bc44e20,Nordhouse,Buerckelmatt,22,inhumation,Ha C-D1,Hallstatt,Ha C-D1,Masculin,1,indéterminé,indéterminé,,,,,,,,,,,
SITE-1cb1065d7bc44e20,Nordhouse,Buerckelmatt,24,inhumation,Ha D1,Hallstatt,Ha D1,féminin,2,indéterminé,indéterminé,,,,,,,,,,,
SITE-1cb1065d7bc44e20,Nordhouse,Buerckelmatt,1,inhumation,Ha D1,Hallstatt,Ha D1,féminin,15,sur le dos,indéterminé,1,4,2,1,,,,,,,
SITE-1cb1065d7bc44e20,Nordhouse,Buerckelmatt,3,inhumation,Ha C,Hallstatt,Ha C,féminin,2,sur le dos,indéterminé,,,,,,,,,2,,
SITE-1cb1065d7bc44e20,Nordhouse,Buerckelmatt,4a,inhumation,Ha D3,Hallstatt,Ha D3,Indéterminé,3,indéterminé,indéterminé,1,1,,,,,,,,,
SITE-1cb1065d7bc44e20,Nordhouse,Buerckelmatt,6.1 et 2,inhumation,Ha D1,Hallstatt,Ha D1,féminin,4,sur le dos,espace vide,,2,,,1,,,,,,
SITE-1cb1065d7bc44e20,Nordhouse,Buerckelmatt,7,inhumation,Ha,Hallstatt,Ha,féminin,3,sur le dos,indéterminé,,,,,,,,,,,
SITE-1cb1065d7bc44e20,Nordhouse,Buerckelmatt,9,inhumation,Ha D1-D2,Hallstatt,Ha D1-D2,féminin,2,sur le ventre,espace vide,,1,1,,,,,,,,
SITE-1cb1065d7bc44e20,Nordhouse,Buerckelmatt,10,inhumation,Ha D3,Hallstatt,Ha D3,féminin,17,sur le dos,espace vide,4,2,3,,,,,,,,
SITE-1cb1065d7bc44e20,Nordhouse,Buerckelmatt,12,inhumation,Ha D2,Hallstatt,Ha D2,féminin,2,indéterminé,indéterminé,,2,,,,,,,,,
SITE-1cb1065d7bc44e20,Nordhouse,Buerckelmatt,13,inhumation,Ha C-D1,Hallstatt,Ha C-D1,Indéterminé,3,sur le dos,espace vide,,,,,,,,,,,
SITE-1cb1065d7bc44e20,Nordhouse,Buerckelmatt,14,inhumation,Ha D3,Hallstatt,Ha D3,féminin,12,sur le dos,espace vide,2,,,,,,,,,,
SITE-1cb1065d7bc44e20,Nordhouse,Buerckelmatt,15,inhumation,Ha C-D1,Hallstatt,Ha C-D1,féminin,7,sur le dos,espace vide,,,,,,,,,2,,
SITE-1cb1065d7bc44e20,Nordhouse,Buerckelmatt,16,inhumation,Ha,Hallstatt,Ha,Indéterminé,3,sur le dos,espace vide,,,,,2,,,,,,
SITE-1cb1065d7bc44e20,Nordhouse,Buerckelmatt,18,inhumation,Ha D1,Hallstatt,Ha D1,féminin,9,sur le dos,espace vide,,1,,,2,,,,,,
SITE-1cb1065d7bc44e20,Nordhouse,Buerckelmatt,19,inhumation,Ha D3,Hallstatt,Ha D3,féminin,18,sur le dos,espace vide,5,2,2,,3,,,,,,
SITE-1cb1065d7bc44e20,Nordhouse,Buerckelmatt,21,inhumation,Ha,Hallstatt,Ha,Indéterminé,1,sur le dos,espace vide,,,,,,,,,,,
SITE-1cb1065d7bc44e20,Nordhouse,Buerckelmatt,22,inhumation,Ha C-D1,Hallstatt,Ha C-D1,féminin,247,sur le dos,espace vide,,,,,,,,,2,2,240
SITE-1cb1065d7bc44e20,Nordhouse,Buerckelmatt,A/8,inhumation,Ha D3,Hallstatt,Ha D3,féminin,10,sur le dos,indéterminé,,2,2,,2,,,,,,
SITE-1cb1065d7bc44e20,Nordhouse,Buerckelmatt,1,inhumation,Ha C,Hallstatt,Ha C,féminin,3,indéterminé,indéterminé,,2,,,,,,,,,
SITE-1cb1065d7bc44e20,Nordhouse,Buerckelmatt,3,inhumation,Ha D1,Hallstatt,Ha D1,féminin,8,sur le dos,espace vide,,2,,,2,,,,,,
SITE-1cb1065d7bc44e20,Nordhouse,Buerckelmatt,4,inhumation,Ha D1-D2,Hallstatt,Ha D1-D2,féminin,470,sur le dos,espace vide,2,1,2,,,,,,,11,105
SITE-1cb1065d7bc44e20,Nordhouse,Buerckelmatt,5,inhumation,Ha C-D1,Hallstatt,Ha C-D1,féminin,2,sur le dos,espace vide,,,,,,,,,2,,
SITE-1cb1065d7bc44e20,Nordhouse,Buerckelmatt,7,inhumation,Ha D1,Hallstatt,Ha D1,féminin,12,sur le dos,espace vide,6,2,,1,2,,,,,,
SITE-1cb1065d7bc44e20,Nordhouse,Buerckelmatt,A,inhumation,Ha D1,Hallstatt,Ha D1,féminin,2,sur le dos,indéterminé,,,,,,,,,,,
SITE-1cb1065d7bc44e20,Nordhouse,Buerckelmatt,B,inhumation,Ha C2-D1,Hallstatt,Ha C2-D1,Indéterminé,4,sur le dos,indéterminé,,3,,,,,,,,,
SITE-1cb1065d7bc44e20,Nordhouse,Buerckelmatt,1,inhumation,Ha C-D1,Hallstatt,Ha C-D1,Indéterminé,2,sur le côté,espace vide,,,,,,,,,,,
SITE-1cb1065d7bc44e20,Nordhouse,Buerckelmatt,3,inhumation,Ha D1,Hallstatt,Ha D1,Masculin,4,sur le dos,espace vide,,,,,,,,,,,
SITE-1cb1065d7bc44e20,Nordhouse,Buerckelmatt,4.1 et 2,inhumation,Ha C-D1,Hallstatt,Ha C-D1,Indéterminé,2,sur le dos,espace vide,,,,,,,,,,,
SITE-1cb1065d7bc44e20,Nordhouse,Buerckelmatt,5,inhumation,Ha C-D1,Hallstatt,Ha C-D1,Masculin,1,indéterminé,indéterminé,,,,,,,,,,,
SITE-1cb1065d7bc44e20,Nordhouse,Buerckelmatt,6.1 et 6.2,inhumation,Ha D1,Hallstatt,Ha D1,féminin,10,A : sur le dos ; I : sur le côté,espace vide,,,,1,2,,,,,,
SITE-1cb1065d7bc44e20,Nordhouse,Buerckelmatt,7,inhumation,Ha D1,Hallstatt,Ha D1,féminin,14,,espace vide,,,,,2,,,,,9,
SITE-1cb1065d7bc44e20,Nordhouse,Buerckelmatt,8,inhumation,Ha C-D1,Hallstatt,Ha C-D1,féminin,5,,espace vide,,,,,,,,,2,1,
SITE-1cb1065d7bc44e20,Nordhouse,Buerckelmatt,9,inhumation,Ha C,Hallstatt,Ha C,Indéterminé,2,,espace vide,,,,,,,,,,,
SITE-1cb1065d7bc44e20,Nordhouse,Buerckelmatt,11,inhumation,Ha C2,Hallstatt,Ha C2,féminin,4,,espace vide,,,,,,,,,2,,
SITE-1cb1065d7bc44e20,Nordhouse,Buerckelmatt,12,inhumation,Ha C-D1,Hallstatt,Ha C-D1,féminin,2,,,,,,,,,,,,,1
SITE-1cb1065d7bc44e20,Nordhouse,Buerckelmatt,13,inhumation,Ha,Hallstatt,Ha,Indéterminé,2,,,,,,,,,,,,,
SITE-40797791793cb7e5,Xouaxanges,Le Champ Renard,1,inhumation,Ha D2-D3,Hallstatt,Ha D2-D3,Indéterminé,6,sur le dos, ,1,2,2,1, ,,,, , , 
SITE-40797791793cb7e5,Xouaxanges,Le Champ Renard,1,inhumation,Ha D2-D3,Hallstatt,Ha D2-D3,Indéterminé,2, , , , ,2, , ,,,, , , 
SITE-ac7c1f0694bf67e3,Metz,ZAC Technopole site C,,inhumation,Ha D3,Hallstatt,Ha D3,Indéterminé,6,sur le dos, ,2,1,1, , ,,,, , , 
SITE-f6b081866a28095e,Mondelange,Schemerten,19,inhumation,Ha C-D1,Hallstatt,Ha C-D1,féminin,2,sur le dos,espace vide, ,2, , , ,,,, , , 
SITE-f6b081866a28095e,Mondelange,Schemerten,4,crémation,Ha D1,Hallstatt,Ha D1,Indéterminé,12, , , ,2, , , ,,,,1, , 
SITE-f6b081866a28095e,Mondelange,Schemerten,61,inhumation,Ha C,Hallstatt,Ha C,Masculin,5,sur le dos, , , , , , ,,,, , , 
SITE-f6b081866a28095e,Mondelange,Schemerten,62,inhumation,Ha D3,Hallstatt,Ha D3,féminin,5,sur le dos, ,4, , , , ,,,, , , 
SITE-f6b081866a28095e,Mondelange,Schemerten,64,inhumation,Ha D3,Hallstatt,Ha D3,Indéterminé,7,sur le dos, ,2, ,2, ,1,,,, , , 
SITE-f6b081866a28095e,Mondelange,Schemerten,178,inhumation,Ha D3,Hallstatt,Ha D3,féminin,4,sur le dos, , , ,2, , ,,,, , , 
SITE-f6b081866a28095e,Mondelange,Schemerten,180,inhumation,Ha D3,Hallstatt,Ha D3,féminin,5,sur le dos, ,2, ,2, , ,,,, , , 
SITE-f6b081866a28095e,Mondelange,Schemerten,182,inhumation,Ha D3,Hallstatt,Ha D3,féminin,6,sur le dos, , ,2,2, , ,,,, , , 
SITE-f6b081866a28095e,Mondelange,Schemerten,183,inhumation,Ha D3,Hallstatt,Ha D3,féminin,47,sur le dos, ,3,1,2, , ,,,, , ,39
SITE-f6b081866a28095e,Mondelange,Schemerten,186,inhumation,Ha D3,Hallstatt,Ha D3,féminin,7,sur le dos, ,2,2,2, , ,,,, , , 
SITE-f6b081866a28095e,Mondelange,Schemerten,187,inhumation,Ha D3-LT A,Transition,Ha D3 / LT A,féminin,2,sur le dos, , ,2, , , ,,,, , , 
SITE-f6b081866a28095e,Mondelange,Schemerten,181 i,inhumation,Ha D3,Hallstatt,Ha D3,Indéterminé,9,sur le dos, ,3,1,2, , ,,,1.0, , , 
SITE-f6b081866a28095e,Mondelange,Schemerten,370,inhumation,Ha D1,Hallstatt,Ha D1,Masculin,2,sur le dos, , , , , , ,,,, , , 
SITE-f6b081866a28095e,Mondelange,Schemerten,371,inhumation,Ha D2-D3,Hallstatt,Ha D2-D3,Féminin,6,sur le dos, , ,2,2, ,1,,,, , , 
SITE-f6b081866a28095e,Mondelange,Schemerten,71 bis,crémation,Ha C,Hallstatt,Ha C,Indéterminé,7, , , , , , , ,,,, , , 
SITE-904563bfc404e99f,Argancy,Le Clos des Prés,1242,inhumation,Ha C2,Hallstatt,Ha C2,Indéterminé,7,sur le dos, , , , , , ,1.0,,,2, , 
SITE-b4ba9b95e69d7189,Chaillon,Les Fonzelles-Maucourt,1001,inhumation,Ha D2-D3,Hallstatt,Ha D2-D3,Masculin,2,sur le dos,indéterminé, , , , , ,1.0,,, , , 
SITE-b4ba9b95e69d7189,Chaillon,Les Fonzelles-Maucourt,1004b,inhumation,Ha D2-D3,Hallstatt,Ha D2-D3,Masculin,1,sur le dos,colmatage rapide, , , , , ,,,, , , 
SITE-b4ba9b95e69d7189,Chaillon,Les Fonzelles-Maucourt,1005,inhumation,Ha D2-D3,Hallstatt,Ha D2-D3,Masculin,5,sur le dos,colmatage rapide,1, , , , ,1.0,2.0,, , , 
SITE-b4ba9b95e69d7189,Chaillon,Les Fonzelles-Maucourt,1007,inhumation,Ha D2-D3,Hallstatt,Ha D2-D3,Indéterminé,1,indéterminé,indéterminé,1, , , , ,,,, , , 
SITE-b4ba9b95e69d7189,Chaillon,Les Fonzelles-Maucourt,1016C,inhumation,Ha D2-D3,Hallstatt,Ha D2-D3,Masculin,3,sur le dos,espace vide,1,1, , , ,,,, , , 
SITE-b4ba9b95e69d7189,Chaillon,Les Fonzelles-Maucourt,1017,inhumation,Ha D2-D3,Hallstatt,Ha D2-D3,Masculin,4,sur le dos,espace vide,2, , , , ,,,, , , 
SITE-b4ba9b95e69d7189,Chaillon,Les Fonzelles-Maucourt,1018,inhumation,Ha D2-D3,Hallstatt,Ha D2-D3,Masculin,5,sur le dos,colmatage différé, , , , , ,1.0,2.0,, , , 
SITE-b4ba9b95e69d7189,Chaillon,Les Fonzelles-Maucourt,2001,inhumation,Ha D2-D3,Hallstatt,Ha D2-D3,Féminin,21,sur le dos,colmatage rapide,1, , , , ,,,, ,8, 
SITE-b4ba9b95e69d7189,Chaillon,Les Fonzelles-Maucourt,2008,inhumation,Ha D2-D3,Hallstatt,Ha D2-D3,Masculin,4,sur le dos,colmatage rapide, , , , , ,1.0,2.0,, , , 
SITE-b4ba9b95e69d7189,Chaillon,Les Fonzelles-Maucourt,5001,inhumation,Ha D2-D3,Hallstatt,Ha D2-D3,Masculin,1,sur le dos,colmatage différé, , , , , ,,,,, , 
SITE-04b68c7e3c1e1c61,Diarville,"Devant Giblot, Pâquis devant Giblot",,inhumation,Ha C2-D1,Hallstatt,Ha C2-D1,Masculin,2,sur le dos,,,,,,,1.0,,,,,
SITE-04b68c7e3c1e1c61,Diarville,"Devant Giblot, Pâquis devant Giblot, Tum 2, tombe 1",1,inhumation,Ha C2-D1,Hallstatt,Ha C2-D1,Masculin,5,sur le dos,,,1,,,,1.0,,,,,
SITE-04b68c7e3c1e1c61,Diarville,"Devant Giblot, Pâquis devant Giblot",2,inhumation,Ha C2-D1,Hallstatt,Ha C2-D1,Masculin,3,sur le dos,,,,,,,1.0,,,,,
SITE-04b68c7e3c1e1c61,Diarville,"Devant Giblot, Pâquis devant Giblot",1,inhumation,Ha C2-D1,Hallstatt,Ha C2-D1,Féminin,6,Sur le dos,,,2,,,,,,,2,1,
SITE-04b68c7e3c1e1c61,Diarville,"Devant Giblot, Pâquis devant Giblot, Tum 3, tombe 1",1,inhumation,Ha C2-D1,Hallstatt,Ha C2-D1,Masculin,5,sur le dos,,,,,,,1.0,,,,1,
SITE-04b68c7e3c1e1c61,Diarville,"Devant Giblot, Pâquis devant Giblot, Tum 7, tombe 1",1,inhumation,Ha D2-D3,Hallstatt,Ha D2-D3,Féminin,10,"sur le dos, posé sur un char",,2,2,1,,,,,1.0,,,1
SITE-04b68c7e3c1e1c61,Diarville,"Devant Giblot, Pâquis devant Giblot, Tum 7, tombe 2",2,inhumation,Ha D2-D3,Hallstatt,Ha D2-D3,Féminin,7,"sur le dos, posé sur un char",,3,,2,,,,,1.0,,,
