SITE_AKG_ID;DATABASE_NAME;SITE_SOURCE_ID;SITE_NAME;MAIN_CITY_NAME;GEONAME_ID;PROJECTION_SYSTEM;LONGITUDE;LATITUDE;ALTITUDE;CITY_CENTROID;STATE_OF_KNOWLEDGE;OCCUPATION;STARTING_PERIOD;ENDING_PERIOD;CARAC_NAME;CARAC_LVL1;CARAC_LVL2;CARAC_LVL3;CARAC_LVL4;CARAC_EXP;BIBLIOGRAPHY;COMMENTS
25820;Sites de l'âge du Fer dans le Bade-Wurtemberg - Bernard;1;Kocherburg;Aalen-Unterkochen;;4326;10.083333;48.833332;640;Oui;Sondé;Multiple;-620:-531;-500:-431;Immobilier;Enceinte;;;;Non;KBdw, 282_ FBS 21, 1913, 29+  /Bittel50,N°6a/Zürn FBS NF 247;sources dans le fossé / tessons Ha D-LTA
25821;Sites de l'âge du Fer dans le Bade-Wurtemberg - Bernard;2;Gräbelesberg;Albstadt-Laufen;;4326;8.916667;48.25;914;Oui;Sondé;Multiple;-620:-531;-500:-431;Immobilier;Enceinte;;;;Non;KBW 286_ FBS4,1896,21/NF2,1924,20-12,52,116,16,62,233,18-II,67,67/Bittel48n°2/LDA BL 2,61,451 +plan, führer BDW n°13 (Biel)_ Biel 1987 : 293;Plan KBW 285/tessons HaD
25822;Sites de l'âge du Fer dans le Bade-Wurtemberg - Bernard;3;Schlatt;Bad Krozingen;;4326;7.5833335;47.916668;250;Oui;Sondé;Multiple;-620:-531;-620:-531;Immobilier;Enceinte;;;;Non;KBDW 303, denkmalpflege BdW 1984, 191-192_ Habitat= FBBaWü 2, 1975,99+ /Tumuli =Wagner I,228/ BaFB III,1936,406+;FSS proche dans les tumuli, début 6è av.
25823;Sites de l'âge du Fer dans le Bade-Wurtemberg - Bernard;4;Alt-Hayingen;Hayingen-Indelhausen;;4326;9.433333;48.316666;670;Oui;Littérature;Multiple;-620:-531;-500:-431;Immobilier;Enceinte;;;;Non;KBW 349_ Rieckhoff 2001 : 357-358_ FBS NF 19, 1971, 89+ / divers_ Biel 1987 : 281 +pl 98-108;1ere moitié 6è / plan KBW 350_ métal sans doute en provenance de tombes sur le site/ céra celt=hab
25825;Sites de l'âge du Fer dans le Bade-Wurtemberg - Bernard;6;Auf dem Buigen;Herbrechtingen;;4326;10.166667;48.633335;510;Oui;Sondé;Non renseigné;-800:-26;-800:-26;Immobilier;Enceinte;;;;Non;FBS 15, 1907, 33+, hertlein 1912, 7,22,25+ // deux autres sites $$: Ratberg (Ha-LT, graphitton) -FBS NF 4 1926-28 : 64 et Kuppe 478,9 Ha, FBS NF12 1938-51 : 37;plan Kbdw 366
25826;Sites de l'âge du Fer dans le Bade-Wurtemberg - Bernard;7;Befestigungen Heubach;Heubach;;4326;9.933333;48.8;720;Oui;Littérature;Non renseigné;-800:-26;-800:-26;Immobilier;Enceinte;;;;Non;Rieckhoff 2001 : 371-372_ Oeftiger führer arch denkmäler BDW 10_ FBS 1906, 94+_ KBdW : 367;
25827;Sites de l'âge du Fer dans le Bade-Wurtemberg - Bernard;8;Heuneburg;Hundersingen;;4326;9.416667;48.35;594;Oui;Fouillé;Multiple;-725:-621;-500:-431;Immobilier;Enceinte;;;;Oui;Reickhoff 2001 : 363-366_ Kimmig+archausgr1980 : 45-49=plan et vrais pesons de tisserand(Photocop)_ arch ausgr BdW _ 2001 : 61-63, 1998 :92-95_ Biel 1987 : 280_ Heuneburgstudien XI, van den Boom :65 = A MAS entre 540 et 480_;faubourgs
25828;Sites de l'âge du Fer dans le Bade-Wurtemberg - Bernard;9;Heunuburg Aussensiedlung;Herbrechtingen;;4326;9.466666;48.333332;580;Oui;Fouillé;Non renseigné;-620:-531;-500:-431;Immobilier;Enceinte;;;;Non;Rieckhoff 2001 : 370_ AV pour récente/ArchAusgr 1982,63-66_ arch ausgr BdW 2000 : 63-67;6-5°/plan maison p64(AA82), photos aériennes Denkmalpf2001_ 6 époques. crâne en fondation (AABdW, 2000 : 63)
25829;Sites de l'âge du Fer dans le Bade-Wurtemberg - Bernard;10;Hohenasperg;Asperg;;4326;9.133333;48.9;356;Oui;Sondé;Multiple;-620:-531;-500:-431;Immobilier;Enceinte;;;;Non;Rieckhoff-Biel 2001 : 285_ KBW 390_ Arch Inf BDW 28 -1995 : 24-29_ Zürn pour les tombes, Fss-Hhs-Tals p24-29_ Härke - BAR_ Zürn Nordwürttemberg 118+;Terr cf. Härke BAR_sépultures
25830;Sites de l'âge du Fer dans le Bade-Wurtemberg - Bernard;11;Höhensiedlung Ihringen;Ihringen;;4326;7.6666665;48.05;270;Oui;Fouillé;Multiple;-620:-531;-620:-531;Immobilier;Enceinte;;;;Non;sauvetage LDA Freiburg, non-publié KBW_ Denmalpflege in BdW 3-1985 : 188 et sq._ KBdW : 403;6e av., sapropelite, gagat, usiné sur le site_ plan Denkmalpflege 1984 : 190
25831;Sites de l'âge du Fer dans le Bade-Wurtemberg - Bernard;12;Lange Burg;Langenenslingen;;4326;9.383333;48.15;680;Oui;Fouillé;Non renseigné;-725:-621;-620:-531;Immobilier;Enceinte;;;;Non;Reickhoff 2001 : 412_ FBS NF 1952-1954, 41 / FBBaWü 2, 1975, 90_ KBdW : 418-420_ Biel 1987 : 291 + pl 108;2,2ha_ 1 tumulus sur le site avec 6 morts
25832;Sites de l'âge du Fer dans le Bade-Wurtemberg - Bernard;13;Schlossberg;Nagold;;4326;8.75;48.55;530;Oui;Fouillé;Multiple;-620:-531;-500:-431;Immobilier;Enceinte;;;;Non;Kl führer BdW n° 32, 1977 / Biel 87 : 302-307 + pl 123-130_ KBdW 432 + plan;LTA à développer, tombes LTA en bas
25833;Sites de l'âge du Fer dans le Bade-Wurtemberg - Bernard;14;Schlossberg;Neuenbürg;;4326;8.75;49.1;400;Oui;Fouillé;Multiple;-500:-476;-350:-321;Mobilier;Métal;Outils;Hache;;Non;Bernard (L.), Gentner (S.), Wieland (G.), Fortsetzung der Untersuchungen in der frühlatènezeitlichen Handwerkersiedlung am Neuenbürger Schlossberg, in : Archäologische Ausgrabungen in Baden-Württemberg, 2012.;2 Tüllenbeile
25833;Sites de l'âge du Fer dans le Bade-Wurtemberg - Bernard;14;Schlossberg;Neuenbürg;;4326;8.75;49.1;400;Oui;Fouillé;Multiple;-500:-476;-350:-321;Mobilier;Métal;Parure;Parure annulaire;Bracelet;Non;Bernard (L.), Gentner (S.), Wieland (G.), Fortsetzung der Untersuchungen in der frühlatènezeitlichen Handwerkersiedlung am Neuenbürger Schlossberg, in : Archäologische Ausgrabungen in Baden-Württemberg, 2012.;
25833;Sites de l'âge du Fer dans le Bade-Wurtemberg - Bernard;14;Schlossberg;Neuenbürg;;4326;8.75;49.1;400;Oui;Fouillé;Multiple;-500:-476;-350:-321;Mobilier;Céramique;Vaisselle;Autres;Import;Oui;Archimède 3, 2016, revue en ligne à paraître;
25833;Sites de l'âge du Fer dans le Bade-Wurtemberg - Bernard;14;Schlossberg;Neuenbürg;;4326;8.75;49.1;400;Oui;Fouillé;Multiple;-500:-476;-350:-321;Mobilier;Métal;Parure;Fibule;;Non;Archimède 3, 2016, revue en ligne à paraître;
25833;Sites de l'âge du Fer dans le Bade-Wurtemberg - Bernard;14;Schlossberg;Neuenbürg;;4326;8.75;49.1;400;Oui;Fouillé;Multiple;-500:-476;-350:-321;Mobilier;Verre;Parure;Perle;;Non;Archimède 3, 2016, revue en ligne à paraître;
25833;Sites de l'âge du Fer dans le Bade-Wurtemberg - Bernard;14;Schlossberg;Neuenbürg;;4326;8.75;49.1;400;Oui;Fouillé;Multiple;-500:-476;-350:-321;Mobilier;Lithique;Outils;Mouture;;Non;Archimède 3, 2016, revue en ligne à paraître;
25833;Sites de l'âge du Fer dans le Bade-Wurtemberg - Bernard;14;Schlossberg;Neuenbürg;;4326;8.75;49.1;400;Oui;Fouillé;Multiple;-500:-476;-350:-321;Mobilier;Métal;Autres;Scories;;Non;Bernard (L.), Gentner (S.), Wieland (G.), Fortsetzung der Untersuchungen in der frühlatènezeitlichen Handwerkersiedlung am Neuenbürger Schlossberg, in : Archäologische Ausgrabungen in Baden-Württemberg, 2012.;in der Siedlung auch
25833;Sites de l'âge du Fer dans le Bade-Wurtemberg - Bernard;14;Schlossberg;Neuenbürg;;4326;8.75;49.1;400;Oui;Fouillé;Multiple;-500:-476;-350:-321;Production;Métal;Forge;Fer;;Oui;Siehe Gassmann, Wieland 2006, Germania zur Eisenproduktion;mehrere Rennöfen in direkte Nähe
25833;Sites de l'âge du Fer dans le Bade-Wurtemberg - Bernard;14;Schlossberg;Neuenbürg;;4326;8.75;49.1;400;Oui;Fouillé;Multiple;-500:-476;-350:-321;Immobilier;Enceinte;;;;Non;Bittel 17,24,44/FBS NF 187,1,1967,61+/diss Jensen Marburg,1974, Reile 1959 Neuenbürg_ KBdW 437-440 -plan_ Biel 1987 : 307;clés, mine de fer proches&scories/enclume, marteau, soc, faucille
25833;Sites de l'âge du Fer dans le Bade-Wurtemberg - Bernard;14;Schlossberg;Neuenbürg;;4326;8.75;49.1;400;Oui;Fouillé;Multiple;-500:-476;-350:-321;Immobilier;Habitat;;;;Non;Bernard (L.), Gentner (S.), Wieland (G.), Fortsetzung der Untersuchungen in der frühlatènezeitlichen Handwerkersiedlung am Neuenbürger Schlossberg, in : Archäologische Ausgrabungen in Baden-Württemberg, 2012.;
25833;Sites de l'âge du Fer dans le Bade-Wurtemberg - Bernard;14;Schlossberg;Neuenbürg;;4326;8.75;49.1;400;Oui;Fouillé;Multiple;-500:-476;-350:-321;Immobilier;Dépôt;Métal;;;Non;Bernard (L.), Gentner (S.), Wieland (G.), Fortsetzung der Untersuchungen in der frühlatènezeitlichen Handwerkersiedlung am Neuenbürger Schlossberg, in : Archäologische Ausgrabungen in Baden-Württemberg, 2012.;
25833;Sites de l'âge du Fer dans le Bade-Wurtemberg - Bernard;14;Schlossberg;Neuenbürg;;4326;8.75;49.1;400;Oui;Fouillé;Multiple;-500:-476;-350:-321;Mobilier;Métal;Outils;Faucille;;Non;Bernard (L.), Gentner (S.), Wieland (G.), Fortsetzung der Untersuchungen in der frühlatènezeitlichen Handwerkersiedlung am Neuenbürger Schlossberg, in : Archäologische Ausgrabungen in Baden-Württemberg, 2012.;
25834;Sites de l'âge du Fer dans le Bade-Wurtemberg - Bernard;15;Goldberg;Riesbürg-Goldburghausen;;4326;10.466666;48.85;515;Oui;Fouillé;Multiple;-725:-621;-500:-431;Immobilier;Enceinte;;;;Non;Arch Inf BDW 1995 : 66-79_ Rieckhoff 2001 : 452-454_ Bersu in Schumacher Festschrift 1936, 156+/Childe 1950, 224+plan, Ausgrabungen in D 1975, 98+/FssHhs66+_ KBdW 451_ H. Parzinger, Der Goldberg. Die Metallzeitliche Besiedlung. RGF 37, Mainz, 1998;acropole ?
25835;Sites de l'âge du Fer dans le Bade-Wurtemberg - Bernard;16;Singen;Singen;;4326;8.833333;47.766666;430;Oui;Fouillé;Non renseigné;-725:-621;-500:-431;Immobilier;Enceinte;;;;Non;Funk 1960, Bilder VFG Hegaus, 5/Dehn Ausgrabungen in D 1, 125+/FssHHs47+_ KBdW 467-470;grubenhaeuser fouillées, fosses, foyers, bronziers. Cl S. Hopert Fundspektrum eher für einen Fürstensitz
25836;Sites de l'âge du Fer dans le Bade-Wurtemberg - Bernard;17;Dreifaltigkeitsberg;Spaichingen;;4326;8.783334;48.083332;985;Oui;Fouillé;Multiple;-620:-531;-500:-431;Immobilier;Enceinte;;;;Non;Rieckhoff 2001 : 465-466_ Biel 1987, 317-323 + pl 133-145/Heine 1978, AV/ Ströbel in Tuttl. Heimatblatt. NF 19/21,1961,75-81_ KBdW : 473-476;fosses LTA = grubenhäuser / datation discutée
25837;Sites de l'âge du Fer dans le Bade-Wurtemberg - Bernard;18;Lemberg;Stuttgart-Feuerbach;;4326;9.066667;48.766666;0;Oui;Fouillé;Non renseigné;-620:-531;-620:-531;Immobilier;Enceinte;;;;Non;FBS 16,1908,34+_ KBdW 479-480 plan;
25838;Sites de l'âge du Fer dans le Bade-Wurtemberg - Bernard;19;Grosse Heuneburg;Zwiefalten-Upflamör;;4326;9.45;48.216667;700;Oui;Sondé;Multiple;-725:-621;-620:-531;Immobilier;Enceinte;;;;Non;Rieckhoff 2001 : 501-502_ OAB Riedlingen 1923, 225+_ KBdW 505 -507 plan_  Biel Höhensiedlungen 1987 330-333 + pl 148-155;faubourg ?_crâne: Biel 1987, 332 Reste ein menschliches Schädeldaches
25839;Sites de l'âge du Fer dans le Bade-Wurtemberg - Bernard;20;Magdalenenberg/Kapf;Villingen-Schwenningen;;4326;8.466666;48.083332;0;Oui;Non renseigné;Multiple;-620:-531;-620:-531;Immobilier;Enceinte;;;;Non;Spindle, Der Magda. Führer zu Denkmälern 5, 1976 + Magda (Spindler aussi ) 1(1971) 2 (1977)_ Germania 42,1964 : 269+$$$$;
25840;Sites de l'âge du Fer dans le Bade-Wurtemberg - Bernard;21;Lochenstein;Balingen;;4326;8.833333;48.25;963;Oui;Fouillé;Multiple;-620:-531;-400:-261;Immobilier;Enceinte;;;;Non;Reickhoff 2001 : 356-357_ Biel 1987 _ 123 et 254 et sq + pl 43-96_ FBS 1924, 73-103, Biel 1988, 255+ bcp de céra, jattes surtt_ _ KBdW : 347-348;maison HaD et LT_clous, haches, couteaux
25841;Sites de l'âge du Fer dans le Bade-Wurtemberg - Bernard;22;Auf dem Eisbengel;Kornwestheim-Ludwigsburg;;4326;9.166667;48.85;298;Oui;Fouillé;Multiple;-620:-531;-500:-431;Immobilier;Enceinte;;;;Non;FBBDW 3, 1977, 173-203;plan p 175 = grubenhäuser et sols travaillés_basalte_
25842;Sites de l'âge du Fer dans le Bade-Wurtemberg - Bernard;23;Ried;Freiberg/Geisingen-Ludwigsburg;;4326;9.216666;48.95;0;Oui;Fouillé;Non renseigné;-620:-531;-500:-431;Immobilier;Enceinte;;;;Non;FBBDW 2, 1975, 18+ et pl. 38-40/ diss en cours en '78;comparable au n°22 et H'bg / sur le terr. Du Hohenasperg?
25843;Sites de l'âge du Fer dans le Bade-Wurtemberg - Bernard;24;Grosssachsenheim;Sachsenheim-Ludwigsburg;;4326;9.066667;48.966667;0;Oui;Non renseigné;Multiple;-460:-401;-400:-261;Immobilier;Enceinte;;;;Non;arch ausgr 1982 : 67-68_ AA 1981 : 147 et sq;2 grubenhäuser + reconstitution pp 67-68
25844;Sites de l'âge du Fer dans le Bade-Wurtemberg - Bernard;25;Viesenhäuser Hof;Stuttgart-Mühlhausen;;4326;9.733334;48.85;0;Oui;Sondé;Multiple;-725:-621;-400:-261;Immobilier;Enceinte;;;;Non;Arch Ausgr 1982 : 81-83 (Biel)_;sources_ 560 fosses pas de sols
25846;Sites de l'âge du Fer dans le Bade-Wurtemberg - Bernard;27;Eschle;Stetten;;4326;9.166667;48.416668;800;Oui;Fouillé;Multiple;-725:-621;-620:-531;Immobilier;Enceinte;;;;Non;Arch Ausgr 1983 : 81_ Kraus 1955 (local);chenêts_
25847;Sites de l'âge du Fer dans le Bade-Wurtemberg - Bernard;28;Münsterberg;Breisach;;4326;7.5666666;48.066666;250;Oui;Fouillé;Multiple;-725:-621;-150:-26;Immobilier;Enceinte;;;;Oui;Rieckhoff-Biel 2001 : 307-309_ Bender-Pauli-Stork 1993_ Vix et les 1993 : 389-396_ arch ausgr BDW 1986 : 180-184_ 1984 : 86 et sq_ arch inf BDW 1, 1987_ Bad Fundber 16, 1940 : 102_ ArchNaBa 15, 1975 : 3-8_ 51-52, 1994 : 17-25 synthèse et carte_ 64, 2001;hab de plaine à Hochstetten pour le LTBC, avec Camp et A IT (kbdw 318)_meules_ émission de monnaies (balance et schroetlingsform)
25848;Sites de l'âge du Fer dans le Bade-Wurtemberg - Bernard;29;Am Öchslemühlebach;Langenau;;4326;7.7166667;47.65;470;Oui;Fouillé;Multiple;-725:-621;-500:-431;Immobilier;Enceinte;;;;Non;Arch Ausgr 1986 et 1987;four de métallurgiste=fin 3°début2d, aussi fibule LT C1
25849;Sites de l'âge du Fer dans le Bade-Wurtemberg - Bernard;30;Nonnenäcker;Stuttgart-Stammheim;;4326;9.166667;48.833332;324;Oui;Non renseigné;Non renseigné;-800:-26;-800:-26;Immobilier;Enceinte;;;;Non;I. Stork,Arch Ausgr 1982,67+ et 1986 79+/O.Paret 1921 urgesch.Württ, 67,84,181,211,223;plan grubenhaus AP p81 (2x4m)_ _ grubenhäuser_ 2 hab orientés E/O p-ê séparés par un fossé_meule Napoleonshut_
25850;Sites de l'âge du Fer dans le Bade-Wurtemberg - Bernard;31;Radberg;Herbrechtingen;;4326;10.183333;48.633335;0;Oui;Sondé;Multiple;-500:-431;-500:-431;Immobilier;Enceinte;;;;Non;Arch Ausgr 1986_ Fouille Schloss Tü _ Arch Ausgr 1982-1983;
25851;Sites de l'âge du Fer dans le Bade-Wurtemberg - Bernard;32;Am öchslemühlbach;Langenau;;4326;10.133333;48.633335;0;Oui;Fouillé;Multiple;-620:-531;-260:-151;Immobilier;Enceinte;;;;Non;ArchAusgrBDW1984,1985,1986, 1987;foyer_ lehmestrich
25852;Sites de l'âge du Fer dans le Bade-Wurtemberg - Bernard;33;siedlung;Hochdorf;;4326;8.966666;48.9;0;Oui;Fouillé;Non renseigné;-620:-531;-500:-431;Immobilier;Enceinte;;;;Non;arch ausgr bdw 1989, 1990,1991, 1998 : 103-104_ Arch inf BdW 28;bronzier, Att fig rouges : 2frag de Kylix + 4 (illp93):tessons roulés & choisis ? / balance Br,_foyer lehmestrich, pièce 38m² vide=tisserand (?), grubenhaueser auN, hab au S / foyers dans certains grubenhaueser / maison de 14x10m, semblable à celle sous Hügel Heuneburg / fibule S5=HaD1 et LTA (fig52p92)
25853;Sites de l'âge du Fer dans le Bade-Wurtemberg - Bernard;34;Hochdorf;Freiburg;;4326;7.8333335;48;239;Oui;Fouillé;Non renseigné;-620:-531;-620:-531;Immobilier;Enceinte;;;;Non;$$;
25854;Sites de l'âge du Fer dans le Bade-Wurtemberg - Bernard;35;Ohrenberg;Kirchheim-Benzenzimmern;;4326;10.4;48.866665;494;Oui;Sondé;Multiple;-620:-531;-400:-261;Immobilier;Enceinte;;;;Non;arcgausgrBDW1989;p113 pl matos AV, vogelkopffibel, weidacherfibel, 5,5km de L'Ipf, fibules frühLT, fusszierfibel,
25855;Sites de l'âge du Fer dans le Bade-Wurtemberg - Bernard;36;Siebenlinden;Rottenburg;;4326;8.866667;48.466667;340;Oui;Fouillé;Multiple;-620:-531;-500:-431;Immobilier;Enceinte;;;;Non;ArchAusgrBdW1990, plan p 81_ 1998, 1999_ 2000 : 56-58 avec plan de maison;grubenhäuser=ateliers, hab=tfichterfötmige Gruben_ ) / rapport avec Lindele = manque HaC et LTC
25856;Sites de l'âge du Fer dans le Bade-Wurtemberg - Bernard;37;Schmiden;Fellbach;;4326;9.25;48.833332;0;Oui;Fouillé;Non renseigné;-800:-26;-800:-26;Immobilier;Enceinte;;;;Non;Fundbericht BdW 4, 1979 : 29+;
25857;Sites de l'âge du Fer dans le Bade-Wurtemberg - Bernard;38;Zähringer Burgberg;Gundelfingen;;4326;7.866667;48.05;456;Oui;Fouillé;Non renseigné;-800:-26;-800:-26;Immobilier;Enceinte;;;;Non;Arch ausgr BdW 1991;14C p96, passage HaC/D = 620 av
25858;Sites de l'âge du Fer dans le Bade-Wurtemberg - Bernard;39;Heidentor;Egesheim;;4326;8.866667;48.116665;0;Oui;Sondé;Multiple;-500:-431;-500:-431;Immobilier;Enceinte;;;;Oui;;
25859;Sites de l'âge du Fer dans le Bade-Wurtemberg - Bernard;40;Heidengraben;Grabenstetten;;4326;9.466666;48.516666;732;Oui;Sondé;Multiple;-500:-431;-150:-26;Immobilier;Enceinte;;;;Oui;arc ausgr bdw  1981 :77sq_ 1993 plan p 112, 1996_ Rieckhoff 351-352 -plan 351_ KBdW : 352-358_ Th. Knopf Tübinger Vereinzur Vorderung der ur und Frühgeschichtliche Arcgäologie 1-1998 : 45-60_ Arch Ausgr BdW 1998 : 107-113 plan 109;1662 ha enceint, oppidum 153ha seulement_ surface fouillée = 1,6% de ce dernier chiffre elsachstadt_service à vin (cruche_ passoire) italique_ contacts bohème_ A It décapitée
25860;Sites de l'âge du Fer dans le Bade-Wurtemberg - Bernard;41;Altenburg;Rheinau;;4326;8.583333;47.666668;390;Oui;Fouillé;Multiple;-260:-151;-150:-26;Immobilier;Enceinte;;;;Oui;Rieckhoff-Biel 2001 : 281-283_ arch ausgr BdW 1985 : 101-108_;318 ha_ pfostenschlitzmauer__tètes coupées dans un puits_ sanglier et taureau miniature de bronze
25861;Sites de l'âge du Fer dans le Bade-Wurtemberg - Bernard;42;Rudersberg;Calw;;4326;8.75;48.716667;410;Oui;Littérature;Multiple;-800:-26;-800:-26;Immobilier;Enceinte;;;;Non;Biel 1987 : 226_ FBS NF 18/II, 1967 : 15;
25862;Sites de l'âge du Fer dans le Bade-Wurtemberg - Bernard;43;Ipf;Bopfingen;;4326;10.333333;48.883335;668;Oui;Sondé;Multiple;-725:-621;-400:-261;Immobilier;Enceinte;;;;Oui;Rieckhoff-Biel 2001 : 304-306_ Hertlein 1908_ Arch Inf BDW 1995 : 66-79_ Germania 29, 1951 : 25+_ festschrift Dehn (Marburger Beiträge zur Archäologie-Fundber aus Hessen 1) 1969 : 210+_ Arch Ausgr BdW 2000 : 70-75;3 sources dans l'enceinte_ LT ?
25864;Sites de l'âge du Fer dans le Bade-Wurtemberg - Bernard;45;Tarodunum;Kirchzarten;;4326;7.9666667;47.966667;440;Oui;Non renseigné;Multiple;-150:-26;-150:-26;Immobilier;Enceinte;;;;Oui;Rieckhoff 2001 : 402-403_ KBdW : 487-489;190 ha_
25865;Sites de l'âge du Fer dans le Bade-Wurtemberg - Bernard;46;Limberg;Sasbach;;4326;7.5833335;48.133335;273;Oui;Fouillé;Multiple;-620:-531;-150:-26;Immobilier;Enceinte;;;;Non;Rieckhoff 2001 : 460-462_ KBdW : 458-461_ arch ausgr BdW 1984 carte aechéo région du Kaiserstuhl 82-86;
25866;Sites de l'âge du Fer dans le Bade-Wurtemberg - Bernard;47;Ringwall Burgberg;Frankenhardt-Frankenhardt-Oberspeltach;;4326;9.983334;49.083332;530;Oui;Sondé;Multiple;-500:-431;-500:-431;Immobilier;Enceinte;;;;Non;KBDW 336-337_ Scwäbisches Heimatbuch 1936 : 27+;
25867;Sites de l'âge du Fer dans le Bade-Wurtemberg - Bernard;48;Lemberg;Stuttgart-Feuerbach;;4326;9.166667;48.75;380;Oui;Sondé;Multiple;-620:-531;-620:-531;Immobilier;Enceinte;;;;Non;Goessler 1908 FBS 16, 34+_ KBdW : 479-481;
25868;Sites de l'âge du Fer dans le Bade-Wurtemberg - Bernard;49;Konstanz;Konstanz;;4326;9.166667;47.666668;400;Oui;Fouillé;Multiple;-150:-26;-150:-26;Immobilier;Enceinte;;;;Non;arch ausgr BdW 1984 : 76-78_ Germania 11, 1927-1928 : 118+_;
25869;Sites de l'âge du Fer dans le Bade-Wurtemberg - Bernard;50;Altoberndorf;Oberndorf;;4326;8.583333;48.266666;610;Oui;Littérature;Non renseigné;-800:-26;-800:-26;Immobilier;Enceinte;;;;Non;Biel 1987 : 224_ FBS NF7 - 1930-33 : 27;
25870;Sites de l'âge du Fer dans le Bade-Wurtemberg - Bernard;51;Bleichstetten;Würtingen-Bleichstetten;;4326;9.35;48.466667;760;Oui;Littérature;Non renseigné;-620:-531;-620:-531;Immobilier;Enceinte;;;;Non;Biel 1987 : 225_ FBS NF 4, 1926-28: 43_ 1928-30 : 38;
25871;Sites de l'âge du Fer dans le Bade-Wurtemberg - Bernard;52;Calverbühl;Dettingen;;4326;9.283334;48.533333;509;Oui;Sondé;Continue;-725:-621;-620:-531;Immobilier;Enceinte;;;;Non;Biel 1987 :  227;source_ habitat isolé de 50m²
25872;Sites de l'âge du Fer dans le Bade-Wurtemberg - Bernard;53;Katzenbuckel;Ebingen;;4326;9.033334;48.216667;940;Oui;Littérature;Multiple;-500:-431;-500:-431;Immobilier;Enceinte;;;;Non;Biel 1987 : 232;
25873;Sites de l'âge du Fer dans le Bade-Wurtemberg - Bernard;54;Oberburg;Egesheim;;4326;8.85;48.1;925;Oui;Littérature;Non renseigné;-725:-621;-620:-531;Immobilier;Enceinte;;;;Non;Biel 1987 : 238_ FBS NF 16,1962 : 232;source
25874;Sites de l'âge du Fer dans le Bade-Wurtemberg - Bernard;55;Lehenbühl;Fridingen;;4326;8.916667;48.033333;705;Oui;Littérature;Multiple;-620:-531;-620:-531;Immobilier;Enceinte;;;;Non;Biel 1987 : 238-239 + pl 8-30_ FbaBdW 1,1974 : 82+;
25875;Sites de l'âge du Fer dans le Bade-Wurtemberg - Bernard;56;Rossberg;Gönningen;;4326;9.15;48.416668;869;Oui;Sondé;Multiple;-620:-531;-620:-531;Immobilier;Enceinte;;;;Non;Biel 1987 : 247 + pl 31-37_ FBS NF 11, 1938-51 : 36;
25876;Sites de l'âge du Fer dans le Bade-Wurtemberg - Bernard;57;Hackberg;Gomadingen;;4326;9.4;48.4;762;Oui;Sondé;Continue;-800:-26;-800:-26;Immobilier;Enceinte;;;;Non;Biel 1987 : 252 + pl 38-42;habitat isolé
25877;Sites de l'âge du Fer dans le Bade-Wurtemberg - Bernard;58;Lemberg;Gosheim;;4326;8.75;48.15;1015;Oui;Littérature;Non renseigné;-620:-531;-620:-531;Immobilier;Enceinte;;;;Non;Biel 1987 : 254_ FBS NF 2, 1922-24 : 19;source
25878;Sites de l'âge du Fer dans le Bade-Wurtemberg - Bernard;59;Kielbein;Hülben;;4326;9.366667;48.516666;720;Oui;Fouillé;Non renseigné;-800:-26;-800:-26;Immobilier;Enceinte;;;;Non;Biel 1987 : 280_ FBS NF 5 1928-30 :41;
25879;Sites de l'âge du Fer dans le Bade-Wurtemberg - Bernard;60;Amalienfels;Inzigkofen;;4326;9.133333;48.083332;620;Oui;Littérature;Multiple;-725:-621;-620:-531;Immobilier;Enceinte;;;;Non;Biel 1987 : 285 + pl 107_ Fundber BdW 2, 1975 : 81;
25880;Sites de l'âge du Fer dans le Bade-Wurtemberg - Bernard;61;Lenensburg;Kressbronn;;4326;9.616667;47.583332;502;Oui;Fouillé;Multiple;-500:-431;-500:-431;Immobilier;Enceinte;;;;Non;Biel 1987 : 287 + pl 108-112_ FBS 21, 1913 : 32sq$$;p-ê médiéval ?
25881;Sites de l'âge du Fer dans le Bade-Wurtemberg - Bernard;62;Schalksburg;Laufen an der Eyach;;4326;8.883333;48.25;909;Oui;Littérature;Multiple;-725:-621;-150:-26;Immobilier;Enceinte;;;;Non;Biel 1987 : 294 + pl113-117_ Fundber BdW 2, 1975 : 71 sq$$;
25882;Sites de l'âge du Fer dans le Bade-Wurtemberg - Bernard;63;Bussen;Offingen;;4326;9.533334;48.016666;766;Oui;Sondé;Multiple;-500:-431;-500:-431;Immobilier;Enceinte;;;;Non;Biel 1987 : 309 + pl 131_ Fundber. BdW 2, 1975 : 84;
25883;Sites de l'âge du Fer dans le Bade-Wurtemberg - Bernard;64;Schollerandebühl;Onstmettingen;;4326;9;48.333332;945;Oui;Littérature;Multiple;-800:-26;-800:-26;Immobilier;Enceinte;;;;Non;Biel 1987 : 310;
25884;Sites de l'âge du Fer dans le Bade-Wurtemberg - Bernard;65;Kirchberg;Reusten;;4326;8.966666;48.583332;400;Oui;Fouillé;Multiple;-725:-621;-620:-531;Immobilier;Enceinte;;;;Non;Biel 1987 : 313_ Germania 48, 1970 : 152 et sq._ W. Kimmig, Reusten 1966 $$$;
25885;Sites de l'âge du Fer dans le Bade-Wurtemberg - Bernard;66;Achalm;Reutlingen;;4326;9.216666;48.5;707;Oui;Fouillé;Multiple;-500:-431;-500:-431;Immobilier;Enceinte;;;;Non;Biel 1987 : 313, pl 132_ FBS NF 16 : 285 e sq. $$, arch ausgr BdW 2000 : 76-77 et 2001 : 69-71;autres crânes et os longs, nombreuses meules: lieu de culte?_tête coupée, meule basalte
25886;Sites de l'âge du Fer dans le Bade-Wurtemberg - Bernard;67;Schlossfelsen;Tailfingen;;4326;9.033334;48.25;900;Oui;Littérature;Multiple;-620:-531;-620:-531;Immobilier;Enceinte;;;;Non;Biel 1987 : 324;
25887;Sites de l'âge du Fer dans le Bade-Wurtemberg - Bernard;68;Burgholz;Tübingen;;4326;9.083333;48.533333;375;Oui;Sondé;Non renseigné;-800:-26;-800:-26;Immobilier;Enceinte;;;;Non;Biel 1987 : 328;
25888;Sites de l'âge du Fer dans le Bade-Wurtemberg - Bernard;69;Hohenwittlingen;Wittlingen;;4326;9.45;48.45;698;Oui;Littérature;Multiple;-800:-26;-800:-26;Immobilier;Enceinte;;;;Non;Biel 1987 : 339_ FBS NF 4 : 43;source_ 3 tessons sous un château
25889;Sites de l'âge du Fer dans le Bade-Wurtemberg - Bernard;70;Wurmliger Kapelle;Wurmlingen;;4326;8.966666;48.5;470;Oui;Fouillé;Multiple;-800:-26;-800:-26;Immobilier;Enceinte;;;;Non;Biel 1987 : 340_ sauvetage Rieth 1962 : qques tessons._ FBS NF 18,1, 1967 : 367+;
25890;Sites de l'âge du Fer dans le Bade-Wurtemberg - Bernard;71;Stettenrain;Würtingen;;4326;9.283334;48.433334;753;Oui;Sondé;Multiple;-725:-621;-500:-431;Immobilier;Enceinte;;;;Non;Biel 1987 340 + pl 156-162;
25891;Sites de l'âge du Fer dans le Bade-Wurtemberg - Bernard;72;Wald Dauner;Berghülen;;4326;9.766666;48.466667;745;Oui;Littérature;Non renseigné;-800:-26;-800:-26;Immobilier;Enceinte;;;;Non;FBS NF 18 II 1967 : 19;
25892;Sites de l'âge du Fer dans le Bade-Wurtemberg - Bernard;73;Rusenschloss;Blaubeuren;;4326;9.783334;48.4;504;Oui;Sondé;Multiple;-500:-431;-500:-431;Immobilier;Enceinte;;;;Non;FBS NF 18 II 1967 : 70_ FBS 16, 1908 :27+;
25893;Sites de l'âge du Fer dans le Bade-Wurtemberg - Bernard;74;Messelstein;Donzdorf;;4326;9.816667;48.683334;749;Oui;Littérature;Non renseigné;-800:-26;-800:-26;Immobilier;Enceinte;;;;Non;FBS NF 18 II, 1967 : 66;lieu de culte ?
25894;Sites de l'âge du Fer dans le Bade-Wurtemberg - Bernard;75;Schlossberg;Ehrenstein;;4326;9.883333;48.4;600;Oui;Littérature;Non renseigné;-620:-531;-620:-531;Immobilier;Enceinte;;;;Non;FBS NF 8, 1933-35 : 54_ NF 12 1938-51 : 27_ NF 14, 1957 : 180;
25895;Sites de l'âge du Fer dans le Bade-Wurtemberg - Bernard;76;Grafenberg;Grafenberg;;4326;9.283334;48.55;500;Oui;Littérature;Non renseigné;-500:-431;-500:-431;Immobilier;Enceinte;;;;Non;FBS NF 9, 1935-38 : 51;
25896;Sites de l'âge du Fer dans le Bade-Wurtemberg - Bernard;77;Benzenberg;Hermaringen;;4326;10.25;48.6;500;Oui;Non renseigné;Non renseigné;-620:-531;-620:-531;Immobilier;Enceinte;;;;Non;FBS NF 3 1924-26 : 50;
25897;Sites de l'âge du Fer dans le Bade-Wurtemberg - Bernard;78;Hohenstaufen;Hohenstaufen;;4326;9.75;48.733334;603;Oui;Littérature;Multiple;-500:-431;-500:-431;Immobilier;Enceinte;;;;Non;FBS NF 111938-50 : 56;
25898;Sites de l'âge du Fer dans le Bade-Wurtemberg - Bernard;79;Grafenberg;Kayh;;4326;8.916667;48.55;500;Oui;Non renseigné;Non renseigné;-620:-531;-620:-531;Immobilier;Enceinte;;;;Non;FBS NF 4 1926-28 : 44;
25899;Sites de l'âge du Fer dans le Bade-Wurtemberg - Bernard;80;Kuppe;Kösingen;;4326;10.416667;48.916668;500;Oui;Littérature;Non renseigné;-800:-26;-800:-26;Immobilier;Enceinte;;;;Non;FBS NF 15- 1959 : 147 et 160;
25900;Sites de l'âge du Fer dans le Bade-Wurtemberg - Bernard;81;Hochfläche der Teck;Owen;;4326;9.45;48.583332;773;Oui;Littérature;Non renseigné;-500:-431;-500:-431;Immobilier;Enceinte;;;;Non;FBS NF 16, 1962 : 245_ Germania 15, 1931 : 123;
25901;Sites de l'âge du Fer dans le Bade-Wurtemberg - Bernard;82;Comburg;Schwäbisch Hall;;4326;9.75;49.116665;340;Oui;Littérature;Multiple;-800:-26;-800:-26;Immobilier;Enceinte;;;;Non;FBS NF 18 II, 1967, 75+;
25902;Sites de l'âge du Fer dans le Bade-Wurtemberg - Bernard;83;Hägelsberg;Urspring;;4326;9.833333;48.55;600;Oui;Littérature;Non renseigné;-500:-431;-500:-431;Immobilier;Enceinte;;;;Non;Zürn, Göppingen/Ulm : 28;lieu de culte ?
25903;Sites de l'âge du Fer dans le Bade-Wurtemberg - Bernard;84;Stöckenburg;Vellberg;;4326;9.883333;49.083332;369;Oui;Non renseigné;Non renseigné;-500:-431;-500:-431;Immobilier;Enceinte;;;;Non;FBS NF 9 : 28_ 11 : 98_ 12 :48_ Württemberg. Franken NF 26/27, 1951/52 : 35+;
25904;Sites de l'âge du Fer dans le Bade-Wurtemberg - Bernard;85;Golberg;Verrenberg;;4326;9.5;49.2;336;Oui;Littérature;Non renseigné;-800:-26;-800:-26;Immobilier;Enceinte;;;;Non;FBS NF 18 : 42;
25905;Sites de l'âge du Fer dans le Bade-Wurtemberg - Bernard;86;Katzenberg;Wasseralfingen;;4326;10.083333;48.883335;686;Oui;Littérature;Non renseigné;-500:-431;-500:-431;Immobilier;Enceinte;;;;Non;FBS NF 8 : 94_ 12 :48;
25906;Sites de l'âge du Fer dans le Bade-Wurtemberg - Bernard;87;Plammerberg;Weil der Stadt;;4326;8.883333;48.733334;504;Oui;Littérature;Non renseigné;-620:-531;-620:-531;Immobilier;Enceinte;;;;Non;FBS NF 7 : 37_ 12 : 44+;
25907;Sites de l'âge du Fer dans le Bade-Wurtemberg - Bernard;88;Limburg;Weilheim;;4326;9.5;48.616665;598;Oui;Littérature;Non renseigné;-500:-431;-500:-431;Immobilier;Enceinte;;;;Non;FBS NF 12 : 45_ 5 : 46;
25908;Sites de l'âge du Fer dans le Bade-Wurtemberg - Bernard;89;Sinkelosebuck;Altenburg;;4326;9.15;48.533333;0;Oui;Non renseigné;Non renseigné;-500:-431;-500:-431;Immobilier;Enceinte;;;;Non;Biel 1987 : 208_ Gersbach, Hochrein $$;
25909;Sites de l'âge du Fer dans le Bade-Wurtemberg - Bernard;90;Hohenwehen;Anselfingen;;4326;8.716666;47.85;846;Oui;Non renseigné;Non renseigné;-800:-26;-800:-26;Immobilier;Enceinte;;;;Non;Biel 1987 : 208_ Wagner, Fundstätten I, 9;
25910;Sites de l'âge du Fer dans le Bade-Wurtemberg - Bernard;91;Hohenstoffeln;Binningen;;4326;8.733334;47.8;844;Oui;Non renseigné;Non renseigné;-800:-26;-800:-26;Immobilier;Enceinte;;;;Non;Bad Fundber 3, 1933-36_ 363_ Biel 1987 : 208;
25911;Sites de l'âge du Fer dans le Bade-Wurtemberg - Bernard;92;Scheuerlfels;Buchheim;;4326;7.75;48.05;200;Oui;Littérature;Non renseigné;-800:-26;-800:-26;Immobilier;Enceinte;;;;Non;Bad Fundber 3, 1930-36 : 150_ Biel 1987 : 209;
25913;Sites de l'âge du Fer dans le Bade-Wurtemberg - Bernard;94;Höwenegg;Immendingen;;4326;8.75;47.95;790;Oui;Littérature;Non renseigné;-620:-531;-620:-531;Immobilier;Enceinte;;;;Non;Biel 1987 : 209_ Bad Fundber 3, 1930-36 : 363;
25914;Sites de l'âge du Fer dans le Bade-Wurtemberg - Bernard;95;Isteiner Klotz;Istein;;4326;7.516667;47.666668;400;Oui;Littérature;Non renseigné;-800:-26;-800:-26;Immobilier;Enceinte;;;;Non;Biel 1987 : 209_ Bad Fundber 13, 1937 : 16;
25915;Sites de l'âge du Fer dans le Bade-Wurtemberg - Bernard;96;Helgenberg;Jechtingen;;4326;7.5833335;48.116665;300;Oui;Littérature;Non renseigné;-500:-431;-500:-431;Immobilier;Enceinte;;;;Non;Biel 1987 : 209_ Bad Fundber 18, 1945-50 : 45, 21, 1958 : 251;juste au S du Limberg
25916;Sites de l'âge du Fer dans le Bade-Wurtemberg - Bernard;97;Galgenbuck;Kirchhofen;;4326;7.733333;47.9;500;Oui;Littérature;Non renseigné;-620:-531;-620:-531;Immobilier;Enceinte;;;;Non;Biel 1987 : 209_ Bad Fundber 15, 1939 : 18;
25917;Sites de l'âge du Fer dans le Bade-Wurtemberg - Bernard;98;Homburg;Lörrach;;4326;7.65;47.633335;300;Oui;Non renseigné;Non renseigné;-620:-531;-620:-531;Immobilier;Enceinte;;;;Non;Biel 1987 : 209_ Bad Funber 16, 1940 : 18_ 18 1948-50 : 252+$$;autre site Schädelberg (tessons Ha aussi), Bad Fundber 16, 1940 : 13 et 17, 1941-47 : 304
25918;Sites de l'âge du Fer dans le Bade-Wurtemberg - Bernard;99;Hang des Tunigberg;Merdingen;;4326;7.6833334;48.016666;200;Oui;Littérature;Non renseigné;-800:-26;-800:-26;Immobilier;Enceinte;;;;Non;Biel 1987 : 209_ Bad Fundber 15, 1939 : 21;
25919;Sites de l'âge du Fer dans le Bade-Wurtemberg - Bernard;100;Kapellenberg;Munzingen;;4326;7.7;47.966667;300;Oui;Littérature;Non renseigné;-620:-531;-620:-531;Immobilier;Enceinte;;;;Non;Biel 1987 : 209_ Bad funber 22, 1962 : 282$;
25920;Sites de l'âge du Fer dans le Bade-Wurtemberg - Bernard;101;Bürglebuck;Riedböhringen;;4326;8.55;47.883335;800;Oui;Non renseigné;Non renseigné;-260:-151;-260:-151;Immobilier;Enceinte;;;;Non;Biel 1987 : 209_ FBS NF 18/I, 1967 : 101$;
25921;Sites de l'âge du Fer dans le Bade-Wurtemberg - Bernard;102;Michelsberg;Riegel;;4326;7.7166667;48.016666;300;Oui;Littérature;Non renseigné;-620:-531;-620:-531;Immobilier;Enceinte;;;;Non;Biel 1987 : 209_ Wagner, Fundstätten I : 205;
25922;Sites de l'âge du Fer dans le Bade-Wurtemberg - Bernard;103;Kirchberg;Windschlaeg;;4326;7.9166665;48.5;200;Oui;Littérature;Non renseigné;-620:-531;-620:-531;Immobilier;Enceinte;;;;Non;Biel 1987 : 209_ Bad Fundber 3, 1933-36 : 366;
25924;Sites de l'âge du Fer dans le Bade-Wurtemberg - Bernard;105;Fürsamen;Heidenheim-Schnaitheim;;4326;10.166667;48.7;787;Oui;Fouillé;Multiple;-725:-621;-150:-26;Immobilier;Enceinte;;;;Non;Arch Ausgr BdW 1999 :81-82 : 2000 : 78-80;
25925;Sites de l'âge du Fer dans le Bade-Wurtemberg - Bernard;106;Apfelstetten;Münsingen;;4326;9.466666;48.416668;787;Oui;Fouillé;Unique;-260:-151;-260:-151;Immobilier;Enceinte;;;;Non;arch ausgr Bdw 1999 : 75;
25926;Sites de l'âge du Fer dans le Bade-Wurtemberg - Bernard;107;Bruckgraben;Oggelshausen;;4326;9.666667;48.066666;0;Oui;Fouillé;Unique;-725:-621;-620:-531;Immobilier;Enceinte;;;;Non;Arch Ausgr BdW 1998 : 95-99 + pl céra_ 1999 : 59-64$_ 2000 : 59-62;daté dendro entre 730 et 653
25927;Sites de l'âge du Fer dans le Bade-Wurtemberg - Bernard;108;Remseck;Neckargröningen;;4326;9.283334;48.866665;0;Oui;Fouillé;Unique;-500:-431;-500:-431;Immobilier;Enceinte;;;;Non;Arch Ausgr BdW 1998 : 104-106;flûte en os_citerne bois_ meule_ chaînette bronze_ hache fer
25928;Sites de l'âge du Fer dans le Bade-Wurtemberg - Bernard;109;Gaisbühl;Entringen;;4326;8.59;48.33;0;Oui;Fouillé;Unique;-725:-621;-800:-26;Immobilier;Enceinte;;;;Non;Reinerth, PZ 1925 : 187-189 $;
25929;Sites de l'âge du Fer dans le Bade-Wurtemberg - Bernard;110;Mägdeberg;Mühlhausen;;4326;8.75;47.8;664;Oui;Sondé;Non renseigné;-500:-431;-500:-431;Immobilier;Enceinte;;;;Non;Biel 1987 : 209_ Marburger Studien 1938 : 54 +$$;cabane transition fer 1/2
