site_id,nom_site,commune,pays,type_site,longitude,latitude,x_l93,y_l93,periode,sous_periode,datation_debut,datation_fin,confiance,source,bibliographie
AKG-25820,Kocherburg,Aalen-Unterkochen,DE,OPPIDUM,10.083333,48.833332,1219265.6665751156,6882559.040150443,HALLSTATT,,-620,-431,LOW,ArkeoGIS_LoupBernard_BW_20250806,"KBdw, 282_ FBS 21, 1913, 29+  /Bittel50,N°6a/Zürn FBS NF 247"
AKG-25821,Gräbelesberg,Albstadt-Laufen,DE,OPPIDUM,8.916667,48.25,1138769.9731855332,6810852.743705366,HALLSTATT,,-620,-431,LOW,ArkeoGIS_LoupBernard_BW_20250806,"KBW 286_ FBS4,1896,21/NF2,1924,20-12,52,116,16,62,233,18-II,67,67/Bittel48n°2/LDA BL 2,61,451 +plan, führer BDW n°13 (Biel)_ Biel 1987 : 293"
AKG-25822,Schlatt,Bad Krozingen,DE,OPPIDUM,7.5833335,47.916668,1042168.3955423166,6767297.1787521895,HALLSTATT,Ha D1,-620,-531,LOW,ArkeoGIS_LoupBernard_BW_20250806,"KBDW 303, denkmalpflege BdW 1984, 191-192_ Habitat= FBBaWü 2, 1975,99+ /Tumuli =Wagner I,228/ BaFB III,1936,406+"
AKG-25823,Alt-Hayingen,Hayingen-Indelhausen,DE,OPPIDUM,9.433333,48.316666,1176400.6390936454,6821233.700338967,HALLSTATT,,-620,-431,LOW,ArkeoGIS_LoupBernard_BW_20250806,"KBW 349_ Rieckhoff 2001 : 357-358_ FBS NF 19, 1971, 89+ / divers_ Biel 1987 : 281 +pl 98-108"
AKG-25825,Auf dem Buigen,Herbrechtingen,DE,OPPIDUM,10.166667,48.633335,1227373.4412350724,6860965.524740546,LA_TENE,,-800,-26,LOW,ArkeoGIS_LoupBernard_BW_20250806,"FBS 15, 1907, 33+, hertlein 1912, 7,22,25+ // deux autres sites $$: Ratberg (Ha-LT, graphitton) -FBS NF 4 1926-28 : 64 et Kuppe 478,9 Ha, FBS NF12 1938-51 : 37"
AKG-25826,Befestigungen Heubach,Heubach,DE,OPPIDUM,9.933333,48.8,1208623.0411754423,6877891.099028888,LA_TENE,,-800,-26,LOW,ArkeoGIS_LoupBernard_BW_20250806,"Rieckhoff 2001 : 371-372_ Oeftiger führer arch denkmäler BDW 10_ FBS 1906, 94+_ KBdW : 367"
AKG-25827,Heuneburg,Hundersingen,DE,OPPIDUM,9.416667,48.35,1174868.4667381595,6824826.04257983,HALLSTATT,,-725,-431,MEDIUM,ArkeoGIS_LoupBernard_BW_20250806,"Reickhoff 2001 : 363-366_ Kimmig+archausgr1980 : 45-49=plan et vrais pesons de tisserand(Photocop)_ arch ausgr BdW _ 2001 : 61-63, 1998 :92-95_ Biel 1987 : 280_ Heuneburgstudien XI, van den Boom :65 = A MAS entre 540 et 480_"
AKG-25828,Heunuburg Aussensiedlung,Herbrechtingen,DE,OPPIDUM,9.466666,48.333332,1178711.973793713,6823281.490214664,HALLSTATT,,-620,-431,MEDIUM,ArkeoGIS_LoupBernard_BW_20250806,"Rieckhoff 2001 : 370_ AV pour récente/ArchAusgr 1982,63-66_ arch ausgr BdW 2000 : 63-67"
AKG-25829,Hohenasperg,Asperg,DE,OPPIDUM,9.133333,48.9,1149198.73873058,6884120.56145445,HALLSTATT,,-620,-431,LOW,ArkeoGIS_LoupBernard_BW_20250806,"Rieckhoff-Biel 2001 : 285_ KBW 390_ Arch Inf BDW 28 -1995 : 24-29_ Zürn pour les tombes, Fss-Hhs-Tals p24-29_ Härke - BAR_ Zürn Nordwürttemberg 118+"
AKG-25830,Höhensiedlung Ihringen,Ihringen,DE,OPPIDUM,7.6666665,48.05,1047507.3217784284,6782451.682661381,HALLSTATT,Ha D1,-620,-531,MEDIUM,ArkeoGIS_LoupBernard_BW_20250806,"sauvetage LDA Freiburg, non-publié KBW_ Denmalpflege in BdW 3-1985 : 188 et sq._ KBdW : 403"
AKG-25831,Lange Burg,Langenenslingen,DE,OPPIDUM,9.383333,48.15,1174201.9286508956,6802470.527059988,HALLSTATT,Ha C,-725,-531,MEDIUM,ArkeoGIS_LoupBernard_BW_20250806,"Reickhoff 2001 : 412_ FBS NF 1952-1954, 41 / FBBaWü 2, 1975, 90_ KBdW : 418-420_ Biel 1987 : 291 + pl 108"
AKG-25832,Schlossberg,Nagold,DE,OPPIDUM,8.75,48.55,1124006.3180692382,6843197.204206063,HALLSTATT,,-620,-431,MEDIUM,ArkeoGIS_LoupBernard_BW_20250806,"Kl führer BdW n° 32, 1977 / Biel 87 : 302-307 + pl 123-130_ KBdW 432 + plan"
AKG-25833,Schlossberg,Neuenbürg,DE,OPPIDUM,8.75,49.1,1119556.9257693177,6904190.903488736,LA_TENE,,-500,-321,MEDIUM,ArkeoGIS_LoupBernard_BW_20250806,"Bernard (L.), Gentner (S.), Wieland (G.), Fortsetzung der Untersuchungen in der frühlatènezeitlichen Handwerkersiedlung am Neuenbürger Schlossberg, in : Archäologische Ausgrabungen in Baden-Württemberg, 2012. | Archimède 3, 2016, revue en ligne à paraître | Siehe Gassmann, Wieland 2006, Germania zur Eisenproduktion | Bittel 17,24,44/FBS NF 187,1,1967,61+/diss Jensen Marburg,1974, Reile 1959 Neuenbürg_ KBdW 437-440 -plan_ Biel 1987 : 307"
AKG-25834,Goldberg,Riesbürg-Goldburghausen,DE,OPPIDUM,10.466666,48.85,1247110.4394271001,6886992.990715684,HALLSTATT,,-725,-431,MEDIUM,ArkeoGIS_LoupBernard_BW_20250806,"Arch Inf BDW 1995 : 66-79_ Rieckhoff 2001 : 452-454_ Bersu in Schumacher Festschrift 1936, 156+/Childe 1950, 224+plan, Ausgrabungen in D 1975, 98+/FssHhs66+_ KBdW 451_ H. Parzinger, Der Goldberg. Die Metallzeitliche Besiedlung. RGF 37, Mainz, 1998"
AKG-25835,Singen,Singen,DE,OPPIDUM,8.833333,47.766666,1136565.564193934,6756829.878313987,HALLSTATT,,-725,-431,MEDIUM,ArkeoGIS_LoupBernard_BW_20250806,"Funk 1960, Bilder VFG Hegaus, 5/Dehn Ausgrabungen in D 1, 125+/FssHHs47+_ KBdW 467-470"
AKG-25836,Dreifaltigkeitsberg,Spaichingen,DE,OPPIDUM,8.783334,48.083332,1130255.5225129207,6791647.305793095,HALLSTATT,,-620,-431,MEDIUM,ArkeoGIS_LoupBernard_BW_20250806,"Rieckhoff 2001 : 465-466_ Biel 1987, 317-323 + pl 133-145/Heine 1978, AV/ Ströbel in Tuttl. Heimatblatt. NF 19/21,1961,75-81_ KBdW : 473-476"
AKG-25837,Lemberg,Stuttgart-Feuerbach,DE,OPPIDUM,9.066667,48.766666,1145463.7959536205,6868961.336693693,HALLSTATT,Ha D1,-620,-531,MEDIUM,ArkeoGIS_LoupBernard_BW_20250806,"FBS 16,1908,34+_ KBdW 479-480 plan"
AKG-25838,Grosse Heuneburg,Zwiefalten-Upflamör,DE,OPPIDUM,9.45,48.216667,1178538.9585440727,6810257.347252394,HALLSTATT,Ha C,-725,-531,LOW,ArkeoGIS_LoupBernard_BW_20250806,"Rieckhoff 2001 : 501-502_ OAB Riedlingen 1923, 225+_ KBdW 505 -507 plan_  Biel Höhensiedlungen 1987 330-333 + pl 148-155"
AKG-25839,Magdalenenberg/Kapf,Villingen-Schwenningen,DE,OPPIDUM,8.466666,48.083332,1106735.5101276604,6789968.985445525,HALLSTATT,Ha D1,-620,-531,LOW,ArkeoGIS_LoupBernard_BW_20250806,"Spindle, Der Magda. Führer zu Denkmälern 5, 1976 + Magda (Spindler aussi ) 1(1971) 2 (1977)_ Germania 42,1964 : 269+$$$$"
AKG-25840,Lochenstein,Balingen,DE,OPPIDUM,8.833333,48.25,1132601.3921894596,6810392.937480536,LA_TENE,,-620,-261,MEDIUM,ArkeoGIS_LoupBernard_BW_20250806,"Reickhoff 2001 : 356-357_ Biel 1987 _ 123 et 254 et sq + pl 43-96_ FBS 1924, 73-103, Biel 1988, 255+ bcp de céra, jattes surtt_ _ KBdW : 347-348"
AKG-25841,Auf dem Eisbengel,Kornwestheim-Ludwigsburg,DE,OPPIDUM,9.166667,48.85,1152068.8946373574,6878767.807805844,HALLSTATT,,-620,-431,MEDIUM,ArkeoGIS_LoupBernard_BW_20250806,"FBBDW 3, 1977, 173-203"
AKG-25842,Ried,Freiberg/Geisingen-Ludwigsburg,DE,OPPIDUM,9.216666,48.95,1154852.1371192695,6890140.711828544,HALLSTATT,,-620,-431,MEDIUM,ArkeoGIS_LoupBernard_BW_20250806,"FBBDW 2, 1975, 18+ et pl. 38-40/ diss en cours en '78"
AKG-25843,Grosssachsenheim,Sachsenheim-Ludwigsburg,DE,OPPIDUM,9.066667,48.966667,1143756.8343328754,6891135.059384027,LA_TENE,,-460,-261,LOW,ArkeoGIS_LoupBernard_BW_20250806,arch ausgr 1982 : 67-68_ AA 1981 : 147 et sq
AKG-25844,Viesenhäuser Hof,Stuttgart-Mühlhausen,DE,OPPIDUM,9.733334,48.85,1193513.8976733997,6882160.767026116,HALLSTATT,,-725,-261,LOW,ArkeoGIS_LoupBernard_BW_20250806,Arch Ausgr 1982 : 81-83 (Biel)_
AKG-25846,Eschle,Stetten,DE,OPPIDUM,9.166667,48.416668,1155827.368147226,6830739.473381565,HALLSTATT,Ha C,-725,-531,MEDIUM,ArkeoGIS_LoupBernard_BW_20250806,Arch Ausgr 1983 : 81_ Kraus 1955 (local)
AKG-25847,Münsterberg,Breisach,DE,OPPIDUM,7.5666666,48.066666,1039962.0891007402,6783865.235481229,LA_TENE,,-725,-26,MEDIUM,ArkeoGIS_LoupBernard_BW_20250806,"Rieckhoff-Biel 2001 : 307-309_ Bender-Pauli-Stork 1993_ Vix et les 1993 : 389-396_ arch ausgr BDW 1986 : 180-184_ 1984 : 86 et sq_ arch inf BDW 1, 1987_ Bad Fundber 16, 1940 : 102_ ArchNaBa 15, 1975 : 3-8_ 51-52, 1994 : 17-25 synthèse et carte_ 64, 2001"
AKG-25848,Am Öchslemühlebach,Langenau,DE,OPPIDUM,7.7166667,47.65,1053879.4730588363,6738307.278848192,HALLSTATT,,-725,-431,MEDIUM,ArkeoGIS_LoupBernard_BW_20250806,Arch Ausgr 1986 et 1987
AKG-25849,Nonnenäcker,Stuttgart-Stammheim,DE,OPPIDUM,9.166667,48.833332,1152213.4889514334,6876920.083176669,LA_TENE,,-800,-26,LOW,ArkeoGIS_LoupBernard_BW_20250806,"I. Stork,Arch Ausgr 1982,67+ et 1986 79+/O.Paret 1921 urgesch.Württ, 67,84,181,211,223"
AKG-25850,Radberg,Herbrechtingen,DE,OPPIDUM,10.183333,48.633335,1228596.4609035584,6861076.962459172,TRANSITION,Ha D3 / LT A,-500,-431,LOW,ArkeoGIS_LoupBernard_BW_20250806,Arch Ausgr 1986_ Fouille Schloss Tü _ Arch Ausgr 1982-1983
AKG-25851,Am öchslemühlbach,Langenau,DE,OPPIDUM,10.133333,48.633335,1224927.184698136,6860743.410420106,LA_TENE,,-620,-151,MEDIUM,ArkeoGIS_LoupBernard_BW_20250806,"ArchAusgrBDW1984,1985,1986, 1987"
AKG-25852,siedlung,Hochdorf,DE,OPPIDUM,8.966666,48.9,1137015.7928338475,6883185.289438641,HALLSTATT,,-620,-431,MEDIUM,ArkeoGIS_LoupBernard_BW_20250806,"arch ausgr bdw 1989, 1990,1991, 1998 : 103-104_ Arch inf BdW 28"
AKG-25853,Hochdorf,Freiburg,DE,OPPIDUM,7.8333335,48.0,1060242.9717402162,6777652.463080664,HALLSTATT,Ha D1,-620,-531,MEDIUM,ArkeoGIS_LoupBernard_BW_20250806,$$
AKG-25854,Ohrenberg,Kirchheim-Benzenzimmern,DE,OPPIDUM,10.4,48.866665,1242066.5399547429,6888378.071694142,LA_TENE,,-620,-261,LOW,ArkeoGIS_LoupBernard_BW_20250806,arcgausgrBDW1989
AKG-25855,Siebenlinden,Rottenburg,DE,OPPIDUM,8.866667,48.466667,1133281.3071233686,6834592.085894488,HALLSTATT,,-620,-431,MEDIUM,ArkeoGIS_LoupBernard_BW_20250806,"ArchAusgrBdW1990, plan p 81_ 1998, 1999_ 2000 : 56-58 avec plan de maison"
AKG-25856,Schmiden,Fellbach,DE,OPPIDUM,9.25,48.833332,1158311.7756299598,6877400.54440963,LA_TENE,,-800,-26,MEDIUM,ArkeoGIS_LoupBernard_BW_20250806,"Fundbericht BdW 4, 1979 : 29+"
AKG-25857,Zähringer Burgberg,Gundelfingen,DE,OPPIDUM,7.866667,48.05,1062382.0562388976,6783350.706660233,LA_TENE,,-800,-26,MEDIUM,ArkeoGIS_LoupBernard_BW_20250806,Arch ausgr BdW 1991
AKG-25858,Heidentor,Egesheim,DE,OPPIDUM,8.866667,48.116665,1136168.8510444025,6795798.695700006,TRANSITION,Ha D3 / LT A,-500,-431,LOW,ArkeoGIS_LoupBernard_BW_20250806,
AKG-25859,Heidengraben,Grabenstetten,DE,OPPIDUM,9.466666,48.516666,1177044.9313054578,6843591.704666694,LA_TENE,,-500,-26,LOW,ArkeoGIS_LoupBernard_BW_20250806,"arc ausgr bdw  1981 :77sq_ 1993 plan p 112, 1996_ Rieckhoff 351-352 -plan 351_ KBdW : 352-358_ Th. Knopf Tübinger Vereinzur Vorderung der ur und Frühgeschichtliche Arcgäologie 1-1998 : 45-60_ Arch Ausgr BdW 1998 : 107-113 plan 109"
AKG-25860,Altenburg,Rheinau,DE,OPPIDUM,8.583333,47.666668,1118672.4317080854,6744394.869072637,LA_TENE,,-260,-26,MEDIUM,ArkeoGIS_LoupBernard_BW_20250806,Rieckhoff-Biel 2001 : 281-283_ arch ausgr BdW 1985 : 101-108_
AKG-25861,Rudersberg,Calw,DE,OPPIDUM,8.75,48.716667,1122658.2418600246,6861677.066032671,LA_TENE,,-800,-26,LOW,ArkeoGIS_LoupBernard_BW_20250806,"Biel 1987 : 226_ FBS NF 18/II, 1967 : 15"
AKG-25862,Ipf,Bopfingen,DE,OPPIDUM,10.333333,48.883335,1237025.242193449,6889768.130941046,HALLSTATT,,-725,-261,LOW,ArkeoGIS_LoupBernard_BW_20250806,"Rieckhoff-Biel 2001 : 304-306_ Hertlein 1908_ Arch Inf BDW 1995 : 66-79_ Germania 29, 1951 : 25+_ festschrift Dehn (Marburger Beiträge zur Archäologie-Fundber aus Hessen 1) 1969 : 210+_ Arch Ausgr BdW 2000 : 70-75"
AKG-25864,Tarodunum,Kirchzarten,DE,OPPIDUM,7.9666667,47.966667,1070400.5902202323,6774572.465233325,LA_TENE,LT D1,-150,-26,LOW,ArkeoGIS_LoupBernard_BW_20250806,Rieckhoff 2001 : 402-403_ KBdW : 487-489
AKG-25865,Limberg,Sasbach,DE,OPPIDUM,7.5833335,48.133335,1040771.6498000317,6791333.527031637,LA_TENE,,-620,-26,MEDIUM,ArkeoGIS_LoupBernard_BW_20250806,Rieckhoff 2001 : 460-462_ KBdW : 458-461_ arch ausgr BdW 1984 carte aechéo région du Kaiserstuhl 82-86
AKG-25866,Ringwall Burgberg,Frankenhardt-Frankenhardt-Oberspeltach,DE,OPPIDUM,9.983334,49.083332,1209498.6780066895,6909598.782856436,TRANSITION,Ha D3 / LT A,-500,-431,LOW,ArkeoGIS_LoupBernard_BW_20250806,KBDW 336-337_ Scwäbisches Heimatbuch 1936 : 27+
AKG-25867,Lemberg,Stuttgart-Feuerbach,DE,OPPIDUM,9.166667,48.75,1152936.3590932132,6867682.756154524,HALLSTATT,Ha D1,-620,-531,LOW,ArkeoGIS_LoupBernard_BW_20250806,"Goessler 1908 FBS 16, 34+_ KBdW : 479-481"
AKG-25868,Konstanz,Konstanz,DE,OPPIDUM,9.166667,47.666668,1162329.6350316857,6747649.078405317,LA_TENE,LT D1,-150,-26,MEDIUM,ArkeoGIS_LoupBernard_BW_20250806,"arch ausgr BdW 1984 : 76-78_ Germania 11, 1927-1928 : 118+_"
AKG-25869,Altoberndorf,Oberndorf,DE,OPPIDUM,8.583333,48.266666,1113962.070427111,6810900.247557414,LA_TENE,,-800,-26,LOW,ArkeoGIS_LoupBernard_BW_20250806,Biel 1987 : 224_ FBS NF7 - 1930-33 : 27
AKG-25870,Bleichstetten,Würtingen-Bleichstetten,DE,OPPIDUM,9.35,48.466667,1168903.7064062585,6837353.253097333,HALLSTATT,Ha D1,-620,-531,LOW,ArkeoGIS_LoupBernard_BW_20250806,"Biel 1987 : 225_ FBS NF 4, 1926-28: 43_ 1928-30 : 38"
AKG-25871,Calverbühl,Dettingen,DE,OPPIDUM,9.283334,48.533333,1163402.2579368236,6844346.689730312,HALLSTATT,Ha C,-725,-531,LOW,ArkeoGIS_LoupBernard_BW_20250806,Biel 1987 :  227
AKG-25872,Katzenbuckel,Ebingen,DE,OPPIDUM,9.033334,48.216667,1147687.9047840626,6807813.603089517,TRANSITION,Ha D3 / LT A,-500,-431,LOW,ArkeoGIS_LoupBernard_BW_20250806,Biel 1987 : 232
AKG-25873,Oberburg,Egesheim,DE,OPPIDUM,8.85,48.1,1135069.0614665798,6793859.861721273,HALLSTATT,Ha C,-725,-531,LOW,ArkeoGIS_LoupBernard_BW_20250806,"Biel 1987 : 238_ FBS NF 16,1962 : 232"
AKG-25874,Lehenbühl,Fridingen,DE,OPPIDUM,8.916667,48.033333,1140572.5083276294,6786841.565433576,HALLSTATT,Ha D1,-620,-531,LOW,ArkeoGIS_LoupBernard_BW_20250806,"Biel 1987 : 238-239 + pl 8-30_ FbaBdW 1,1974 : 82+"
AKG-25875,Rossberg,Gönningen,DE,OPPIDUM,9.15,48.416668,1154597.8732305677,6830643.389393508,HALLSTATT,Ha D1,-620,-531,LOW,ArkeoGIS_LoupBernard_BW_20250806,"Biel 1987 : 247 + pl 31-37_ FBS NF 11, 1938-51 : 36"
AKG-25876,Hackberg,Gomadingen,DE,OPPIDUM,9.4,48.4,1173187.770827932,6830265.2390201045,LA_TENE,,-800,-26,LOW,ArkeoGIS_LoupBernard_BW_20250806,Biel 1987 : 252 + pl 38-42
AKG-25877,Lemberg,Gosheim,DE,OPPIDUM,8.75,48.15,1127240.9804240956,6798855.413315503,HALLSTATT,Ha D1,-620,-531,LOW,ArkeoGIS_LoupBernard_BW_20250806,"Biel 1987 : 254_ FBS NF 2, 1922-24 : 19"
AKG-25878,Kielbein,Hülben,DE,OPPIDUM,9.366667,48.516666,1169684.1396212103,6842992.230156202,LA_TENE,,-800,-26,MEDIUM,ArkeoGIS_LoupBernard_BW_20250806,Biel 1987 : 280_ FBS NF 5 1928-30 :41
AKG-25879,Amalienfels,Inzigkofen,DE,OPPIDUM,9.133333,48.083332,1156243.075873045,6793611.99953328,HALLSTATT,Ha C,-725,-531,LOW,ArkeoGIS_LoupBernard_BW_20250806,"Biel 1987 : 285 + pl 107_ Fundber BdW 2, 1975 : 81"
AKG-25880,Lenensburg,Kressbronn,DE,OPPIDUM,9.616667,47.583332,1196765.8028603385,6741153.776212378,TRANSITION,Ha D3 / LT A,-500,-431,MEDIUM,ArkeoGIS_LoupBernard_BW_20250806,"Biel 1987 : 287 + pl 108-112_ FBS 21, 1913 : 32sq$$"
AKG-25881,Schalksburg,Laufen an der Eyach,DE,OPPIDUM,8.883333,48.25,1136302.5694373178,6810668.037796854,LA_TENE,,-725,-26,LOW,ArkeoGIS_LoupBernard_BW_20250806,"Biel 1987 : 294 + pl113-117_ Fundber BdW 2, 1975 : 71 sq$$"
AKG-25882,Bussen,Offingen,DE,OPPIDUM,9.533334,48.016666,1186544.552250047,6788615.43688355,TRANSITION,Ha D3 / LT A,-500,-431,LOW,ArkeoGIS_LoupBernard_BW_20250806,"Biel 1987 : 309 + pl 131_ Fundber. BdW 2, 1975 : 84"
AKG-25883,Schollerandebühl,Onstmettingen,DE,OPPIDUM,9.0,48.333332,1144234.9018958197,6820554.187013748,LA_TENE,,-800,-26,LOW,ArkeoGIS_LoupBernard_BW_20250806,Biel 1987 : 310
AKG-25884,Kirchberg,Reusten,DE,OPPIDUM,8.966666,48.583332,1139673.723654616,6848077.379727404,HALLSTATT,Ha C,-725,-531,MEDIUM,ArkeoGIS_LoupBernard_BW_20250806,"Biel 1987 : 313_ Germania 48, 1970 : 152 et sq._ W. Kimmig, Reusten 1966 $$$"
AKG-25885,Achalm,Reutlingen,DE,OPPIDUM,9.216666,48.5,1158787.0651488595,6840263.591506403,TRANSITION,Ha D3 / LT A,-500,-431,MEDIUM,ArkeoGIS_LoupBernard_BW_20250806,"Biel 1987 : 313, pl 132_ FBS NF 16 : 285 e sq. $$, arch ausgr BdW 2000 : 76-77 et 2001 : 69-71"
AKG-25886,Schlossfelsen,Tailfingen,DE,OPPIDUM,9.033334,48.25,1147405.1196230676,6811507.40541826,HALLSTATT,Ha D1,-620,-531,LOW,ArkeoGIS_LoupBernard_BW_20250806,Biel 1987 : 324
AKG-25887,Burgholz,Tübingen,DE,OPPIDUM,9.083333,48.533333,1148681.6564619297,6843191.597960575,LA_TENE,,-800,-26,LOW,ArkeoGIS_LoupBernard_BW_20250806,Biel 1987 : 328
AKG-25888,Hohenwittlingen,Wittlingen,DE,OPPIDUM,9.45,48.45,1176422.8795539394,6836105.257971577,LA_TENE,,-800,-26,LOW,ArkeoGIS_LoupBernard_BW_20250806,Biel 1987 : 339_ FBS NF 4 : 43
AKG-25889,Wurmliger Kapelle,Wurmlingen,DE,OPPIDUM,8.966666,48.5,1140373.0476866637,6838840.192369406,LA_TENE,,-800,-26,MEDIUM,ArkeoGIS_LoupBernard_BW_20250806,"Biel 1987 : 340_ sauvetage Rieth 1962 : qques tessons._ FBS NF 18,1, 1967 : 367+"
AKG-25890,Stettenrain,Würtingen,DE,OPPIDUM,9.283334,48.433334,1164285.857784252,6833265.964296538,HALLSTATT,,-725,-431,LOW,ArkeoGIS_LoupBernard_BW_20250806,Biel 1987 340 + pl 156-162
AKG-25891,Wald Dauner,Berghülen,DE,OPPIDUM,9.766666,48.466667,1199598.591874373,6839908.536183868,LA_TENE,,-800,-26,LOW,ArkeoGIS_LoupBernard_BW_20250806,FBS NF 18 II 1967 : 19
AKG-25892,Rusenschloss,Blaubeuren,DE,OPPIDUM,9.783334,48.4,1201462.0194439637,6832631.028417556,TRANSITION,Ha D3 / LT A,-500,-431,LOW,ArkeoGIS_LoupBernard_BW_20250806,"FBS NF 18 II 1967 : 70_ FBS 16, 1908 :27+"
AKG-25893,Messelstein,Donzdorf,DE,OPPIDUM,9.816667,48.683334,1201204.3837068263,6864222.862110958,LA_TENE,,-800,-26,LOW,ArkeoGIS_LoupBernard_BW_20250806,"FBS NF 18 II, 1967 : 66"
AKG-25894,Schlossberg,Ehrenstein,DE,OPPIDUM,9.883333,48.4,1208835.9071901212,6833270.755107712,HALLSTATT,Ha D1,-620,-531,LOW,ArkeoGIS_LoupBernard_BW_20250806,"FBS NF 8, 1933-35 : 54_ NF 12 1938-51 : 27_ NF 14, 1957 : 180"
AKG-25895,Grafenberg,Grafenberg,DE,OPPIDUM,9.283334,48.55,1163254.9800947793,6846193.617765579,TRANSITION,Ha D3 / LT A,-500,-431,LOW,ArkeoGIS_LoupBernard_BW_20250806,"FBS NF 9, 1935-38 : 51"
AKG-25896,Benzenberg,Hermaringen,DE,OPPIDUM,10.25,48.6,1233828.3076162222,6857835.005792546,HALLSTATT,Ha D1,-620,-531,LOW,ArkeoGIS_LoupBernard_BW_20250806,FBS NF 3 1924-26 : 50
AKG-25897,Hohenstaufen,Hohenstaufen,DE,OPPIDUM,9.75,48.733334,1195839.982474287,6869340.494950473,TRANSITION,Ha D3 / LT A,-500,-431,LOW,ArkeoGIS_LoupBernard_BW_20250806,FBS NF 111938-50 : 56
AKG-25898,Grafenberg,Kayh,DE,OPPIDUM,8.916667,48.55,1136273.696199975,6844105.1060678,HALLSTATT,Ha D1,-620,-531,LOW,ArkeoGIS_LoupBernard_BW_20250806,FBS NF 4 1926-28 : 44
AKG-25899,Kuppe,Kösingen,DE,OPPIDUM,10.416667,48.916668,1242762.35836214,6894028.369168873,LA_TENE,,-800,-26,LOW,ArkeoGIS_LoupBernard_BW_20250806,FBS NF 15- 1959 : 147 et 160
AKG-25900,Hochfläche der Teck,Owen,DE,OPPIDUM,9.45,48.583332,1175213.533091129,6850877.428360791,TRANSITION,Ha D3 / LT A,-500,-431,LOW,ArkeoGIS_LoupBernard_BW_20250806,"FBS NF 16, 1962 : 245_ Germania 15, 1931 : 123"
AKG-25901,Comburg,Schwäbisch Hall,DE,OPPIDUM,9.75,49.116665,1192200.4870391719,6911812.077829696,LA_TENE,,-800,-26,LOW,ArkeoGIS_LoupBernard_BW_20250806,"FBS NF 18 II, 1967, 75+"
AKG-25902,Hägelsberg,Urspring,DE,OPPIDUM,9.833333,48.55,1203707.884538381,6849561.235167194,TRANSITION,Ha D3 / LT A,-500,-431,LOW,ArkeoGIS_LoupBernard_BW_20250806,"Zürn, Göppingen/Ulm : 28"
AKG-25903,Stöckenburg,Vellberg,DE,OPPIDUM,9.883333,49.083332,1202221.3068636793,6908958.142897822,TRANSITION,Ha D3 / LT A,-500,-431,LOW,ArkeoGIS_LoupBernard_BW_20250806,"FBS NF 9 : 28_ 11 : 98_ 12 :48_ Württemberg. Franken NF 26/27, 1951/52 : 35+"
AKG-25904,Golberg,Verrenberg,DE,OPPIDUM,9.5,49.2,1173250.680895572,6919520.234451115,LA_TENE,,-800,-26,LOW,ArkeoGIS_LoupBernard_BW_20250806,FBS NF 18 : 42
AKG-25905,Katzenberg,Wasseralfingen,DE,OPPIDUM,10.083333,48.883335,1218767.5667409943,6888096.777250383,TRANSITION,Ha D3 / LT A,-500,-431,LOW,ArkeoGIS_LoupBernard_BW_20250806,FBS NF 8 : 94_ 12 :48
AKG-25906,Plammerberg,Weil der Stadt,DE,OPPIDUM,8.883333,48.733334,1132303.1105216385,6864246.941700407,HALLSTATT,Ha D1,-620,-531,LOW,ArkeoGIS_LoupBernard_BW_20250806,FBS NF 7 : 37_ 12 : 44+
AKG-25907,Limburg,Weilheim,DE,OPPIDUM,9.5,48.616665,1178584.3710864878,6854872.600786378,TRANSITION,Ha D3 / LT A,-500,-431,LOW,ArkeoGIS_LoupBernard_BW_20250806,FBS NF 12 : 45_ 5 : 46
AKG-25908,Sinkelosebuck,Altenburg,DE,OPPIDUM,9.15,48.533333,1153588.8481137094,6843572.485699151,TRANSITION,Ha D3 / LT A,-500,-431,LOW,ArkeoGIS_LoupBernard_BW_20250806,"Biel 1987 : 208_ Gersbach, Hochrein $$"
AKG-25909,Hohenwehen,Anselfingen,DE,OPPIDUM,8.716666,47.85,1127179.8893776927,6765426.222805262,LA_TENE,,-800,-26,LOW,ArkeoGIS_LoupBernard_BW_20250806,"Biel 1987 : 208_ Wagner, Fundstätten I, 9"
AKG-25910,Hohenstoffeln,Binningen,DE,OPPIDUM,8.733334,47.8,1128826.2479711322,6759975.644361758,LA_TENE,,-800,-26,LOW,ArkeoGIS_LoupBernard_BW_20250806,"Bad Fundber 3, 1933-36_ 363_ Biel 1987 : 208"
AKG-25911,Scheuerlfels,Buchheim,DE,OPPIDUM,7.75,48.05,1053705.401113203,6782821.697161753,LA_TENE,,-800,-26,LOW,ArkeoGIS_LoupBernard_BW_20250806,"Bad Fundber 3, 1930-36 : 150_ Biel 1987 : 209"
AKG-25913,Höwenegg,Immendingen,DE,OPPIDUM,8.75,47.95,1128857.9725806555,6776689.165277226,HALLSTATT,Ha D1,-620,-531,LOW,ArkeoGIS_LoupBernard_BW_20250806,"Biel 1987 : 209_ Bad Fundber 3, 1930-36 : 363"
AKG-25914,Isteiner Klotz,Istein,DE,OPPIDUM,7.516667,47.666668,1038784.8709018205,6739278.728050288,LA_TENE,,-800,-26,LOW,ArkeoGIS_LoupBernard_BW_20250806,"Biel 1987 : 209_ Bad Fundber 13, 1937 : 16"
AKG-25915,Helgenberg,Jechtingen,DE,OPPIDUM,7.5833335,48.116665,1040879.1200706597,6789484.090318643,TRANSITION,Ha D3 / LT A,-500,-431,LOW,ArkeoGIS_LoupBernard_BW_20250806,"Biel 1987 : 209_ Bad Fundber 18, 1945-50 : 45, 21, 1958 : 251"
AKG-25916,Galgenbuck,Kirchhofen,DE,OPPIDUM,7.733333,47.9,1053464.3478178992,6766109.043601734,HALLSTATT,Ha D1,-620,-531,LOW,ArkeoGIS_LoupBernard_BW_20250806,"Biel 1987 : 209_ Bad Fundber 15, 1939 : 18"
AKG-25917,Homburg,Lörrach,DE,OPPIDUM,7.65,47.633335,1048992.4330187205,6736162.354003885,HALLSTATT,Ha D1,-620,-531,LOW,ArkeoGIS_LoupBernard_BW_20250806,"Biel 1987 : 209_ Bad Funber 16, 1940 : 18_ 18 1948-50 : 252+$$"
AKG-25918,Hang des Tunigberg,Merdingen,DE,OPPIDUM,7.6833334,48.016666,1048966.5556917775,6778827.452734661,LA_TENE,,-800,-26,LOW,ArkeoGIS_LoupBernard_BW_20250806,"Biel 1987 : 209_ Bad Fundber 15, 1939 : 21"
AKG-25919,Kapellenberg,Munzingen,DE,OPPIDUM,7.7,47.966667,1050537.466965557,6773355.1124732345,HALLSTATT,Ha D1,-620,-531,LOW,ArkeoGIS_LoupBernard_BW_20250806,"Biel 1987 : 209_ Bad funber 22, 1962 : 282$"
AKG-25920,Bürglebuck,Riedböhringen,DE,OPPIDUM,8.55,47.883335,1114486.413851171,6768232.5054956665,LA_TENE,LT C1,-260,-151,LOW,ArkeoGIS_LoupBernard_BW_20250806,"Biel 1987 : 209_ FBS NF 18/I, 1967 : 101$"
AKG-25921,Michelsberg,Riegel,DE,OPPIDUM,7.7166667,48.016666,1051447.3566261942,6778975.289473879,HALLSTATT,Ha D1,-620,-531,LOW,ArkeoGIS_LoupBernard_BW_20250806,"Biel 1987 : 209_ Wagner, Fundstätten I : 205"
AKG-25922,Kirchberg,Windschlaeg,DE,OPPIDUM,7.9166665,48.5,1062988.158158168,6833498.785738442,HALLSTATT,Ha D1,-620,-531,LOW,ArkeoGIS_LoupBernard_BW_20250806,"Biel 1987 : 209_ Bad Fundber 3, 1933-36 : 366"
AKG-25924,Fürsamen,Heidenheim-Schnaitheim,DE,OPPIDUM,10.166667,48.7,1226701.6852825833,6868346.609928897,LA_TENE,,-725,-26,MEDIUM,ArkeoGIS_LoupBernard_BW_20250806,Arch Ausgr BdW 1999 :81-82 : 2000 : 78-80
AKG-25925,Apfelstetten,Münsingen,DE,OPPIDUM,9.466666,48.416668,1177954.2346348325,6832513.315392479,LA_TENE,LT C1,-260,-151,MEDIUM,ArkeoGIS_LoupBernard_BW_20250806,arch ausgr Bdw 1999 : 75
AKG-25926,Bruckgraben,Oggelshausen,DE,OPPIDUM,9.666667,48.066666,1195982.0918022995,6794981.824465742,HALLSTATT,Ha C,-725,-531,MEDIUM,ArkeoGIS_LoupBernard_BW_20250806,Arch Ausgr BdW 1998 : 95-99 + pl céra_ 1999 : 59-64$_ 2000 : 59-62
AKG-25927,Remseck,Neckargröningen,DE,OPPIDUM,9.283334,48.866665,1160456.3822707972,6881289.248641216,TRANSITION,Ha D3 / LT A,-500,-431,MEDIUM,ArkeoGIS_LoupBernard_BW_20250806,Arch Ausgr BdW 1998 : 104-106
AKG-25928,Gaisbühl,Entringen,DE,OPPIDUM,8.59,48.33,1113957.6395456614,6817956.820981889,LA_TENE,,-800,-26,MEDIUM,ArkeoGIS_LoupBernard_BW_20250806,"Reinerth, PZ 1925 : 187-189 $"
AKG-25929,Mägdeberg,Mühlhausen,DE,OPPIDUM,8.75,47.8,1130070.5849909093,6760066.284732668,TRANSITION,Ha D3 / LT A,-500,-431,LOW,ArkeoGIS_LoupBernard_BW_20250806,Biel 1987 : 209_ Marburger Studien 1938 : 54 +$$
