Département,Site,Lieu dit,X(L93),Y(L93),Année fouille,N° structure,N° individu,Type de silo,Nord-Ouest/Sud-Est,Nord-Est/Sud-Ouest,Nord/Sud,Est/Ouest,Indéterminée,Remarque,Tête au Nord,Tête au Nord-Est,Tête au Nord-Ouest,Tête au Sud,Tête au Sud-Est,Tête au Sud-Ouest,Tête à l'Est,Tête à l'Ouest,Tête indéterminé,Fond,Sur le premier dôme,Sommet,Indéterminée.1,Homme,Femme,Indéterminé,Périnatal (1-6 mois),Enfant (6 mois-9 ans),Adolescent (10-19 ans),Adulte jeune (20-30 ans),Adulte mature (30-59 ans),Adulte âgé (plus de 59 ans),Indéterminé.1,Précision âge,Arthrose,Tassement vetébral,Ostéoporose,Usure dentaire importante,Atteintes dentaires,Pertes dentaires,Agénésie dentaire,Parodontose,Enthésopathie,Facettes d'accroupissement,Processus de Stieda,Pathologies articulaires et périarticulaires,Scoliose,Asymétrie des os longs,Lésions traumatiques,Lésions infectieuses,Hypoplasies dentaires (stress biologique pendant l'enfance),Cribra orbitalia (stress biologique),Ostéochondrite disséquante,Spina bifida occulta,Vertèbres lombaires avec ostéophytes,Aucune,Pas de données,Remarque.1,sur le dos,sur le côté,sur le ventre,Assis,Indéterminée.2,Membres inférieurs fléchis,Membres supérieurs fléchis,Position du squelette,Espace vide,Espace colmaté,Enveloppe textile souple,Indéterminé.2,Remarques,Réinterventions,Présence de parure,Absence de parure,Bracelet,Anneau de chevile,Fibule,Bague,Torque,Agrafe de ceinture,boucle d'oreille,Dépôt de faune,Datation absolue,num datation (code labo),âge radiocarbone,14C (2 sigma),Datation relative,biblio,notes_datation,x_l93,y_l93,has_coords,coord_flag,pays,commune,nom_site,type_site,periode_key,sous_periode,datation_debut,datation_fin,periode,longitude,latitude,lieu_dit_norm,commune_norm,agg_key,site_id_resolved
68,Bergheim,Saulager,1024887,6797044,2012,351,1,Cylindrique,,,1,,,,,,,1,,,,,,,,1,,1,,,,,,1,,,,,,,,,,,,,,,,,,,,,,,,,,1,,,,,1,,,,,,,1,,,"ne reste que la moitié du corps (tronc, membres sup; crâne)",1,,1,,,,,,,,,,,,,Ha D3-LT A1 ,"PERRIN (B.), CHENAL (F.) dir. — Bergheim « Saulager » : un habitat rubané, des dépôts humains en fosse circulaire du Néolithique récent, un site d’ensilage de La Tène ancienne : rapport de fouille. Habsheim : Antéa Archéologie, 2014. 574 p.",,1024887.0,6797044.0,True,,FR,Bergheim,Bergheim - Saulager,nécropole,TRANSITION,Ha D3 / LT A,-500.0,-400.0,Transition,7.374384646862587,48.19273904424394,saulager,bergheim,bergheim|saulager|1024900|6797050,SITE-eac791e19ec71e60
68,Bergheim,Saulager,1024887,6797044,2012,351,2,Cylindrique,,,1,,,,1,,,,,,,,,,1,,,,1,,,,,,,1,,,,,,,,,,,,,,,,,,,,,,,,1,,,1,,,,,1,,,,1,,,perturbation par un terrier,,,1,,,,,,,,,,,,,Ha D3-LT A1 ,"PERRIN (B.), CHENAL (F.) dir. — Bergheim « Saulager » : un habitat rubané, des dépôts humains en fosse circulaire du Néolithique récent, un site d’ensilage de La Tène ancienne : rapport de fouille. Habsheim : Antéa Archéologie, 2014. 574 p.",,1024887.0,6797044.0,True,,FR,Bergheim,Bergheim - Saulager,nécropole,TRANSITION,Ha D3 / LT A,-500.0,-400.0,Transition,7.374384646862587,48.19273904424394,saulager,bergheim,bergheim|saulager|1024900|6797050,SITE-eac791e19ec71e60
68,Bergheim,Saulager,1024887,6797044,2012,643,x,Cylindrique,,,1,,,,1,,,,,,,,,,1,,,1,,,,,,,1,,,,,,,,,,,,,,,,,,,,,,,,,1,,,,1,,,,1,1,position fœtale : membres inf particulièrement fléchis,,1,1,,,,1,,1,,,1,,,,,,,,,Ha D3-LT A1 ,"PERRIN (B.), CHENAL (F.) dir. — Bergheim « Saulager » : un habitat rubané, des dépôts humains en fosse circulaire du Néolithique récent, un site d’ensilage de La Tène ancienne : rapport de fouille. Habsheim : Antéa Archéologie, 2014. 574 p.",,1024887.0,6797044.0,True,,FR,Bergheim,Bergheim - Saulager,nécropole,TRANSITION,Ha D3 / LT A,-500.0,-400.0,Transition,7.374384646862587,48.19273904424394,saulager,bergheim,bergheim|saulager|1024900|6797050,SITE-eac791e19ec71e60
67,Berstett,Langenberg,1044392,6850994,2018,2026,1,Tronconique,,1,,,,déposé juste après ind.2 et avant des dépôts animaux,1,,,,,,,,,,1,,,1,,,,,,,1,,,20-59,1,,,,,,,,,,,,,,,,,,,,,,,,1,,,,,1,1,"sur le dos, membres inf et sup fléchis vers la gauche ",1,,,,"espace de décomposition mixte, colmatage en plusieurs temps? ou ponctuel?",,1,,,,1,,,,,,1,Poz-118235,2225 ± 30 BP,380-203,LT C1,"FÉLIU (C.) dir. — Berstett, Langenberg, COS site 5.6 ; occupations du Néolithique récent, de l’âge du Bronze et du second âge du Fer : rapport de fouille préventive. Metz : Inrap GE, 2020. 432 p.",,1044392.0,6850994.0,True,,FR,Berstett,Berstett - Langenberg,nécropole,LA_TENE,LT C1,-260.0,-200.0,La Tène,7.679412187213024,48.667242798497355,langenberg,berstett,berstett|langenberg|1044400|6851000,SITE-226af4561533f102
67,Berstett,Langenberg,1044392,6850994,2018,2026,2,Tronconique,,,1,,,déposé juste avant ind.1 et avant des dépôts animaux,,,,1,,,,,,,1,,,1,,,,,,1,,,,20-39,,,,,,,,,,,,,,,,,,,,,,1,,,,,1,,,,,"squelette perturbé : bas du corps sur le ventre, reste en vrac",1,,,,"espace de décomposition mixte, colmatage en plusieurs temps? que les jambes, puis le reste après dispersion. le squle est en pente",?,,1,,,,,,,,,,,,,LT C1,"FÉLIU (C.) dir. — Berstett, Langenberg, COS site 5.6 ; occupations du Néolithique récent, de l’âge du Bronze et du second âge du Fer : rapport de fouille préventive. Metz : Inrap GE, 2020. 432 p.",,1044392.0,6850994.0,True,,FR,Berstett,Berstett - Langenberg,nécropole,LA_TENE,LT C1,-260.0,-200.0,La Tène,7.679412187213024,48.667242798497355,langenberg,berstett,berstett|langenberg|1044400|6851000,SITE-226af4561533f102
67,Bischoffsheim,Bischenberg,1032025,6829834,1973,X,X,Fond de fosse,,,,1,,,,,,,,,,,1,1,,,,,,1,,,,,,,1,?,,,,,,,,,,,,,,,,,,,,,,,1,,,,,,1,,,,,,,1,,,,1,,,,,,,,,,,,,Ha D,,,1032025.0,6829834.0,True,,FR,Bischoffsheim,Bischoffsheim - Bischenberg,nécropole,HALLSTATT,Ha D,-620.0,-450.0,Hallstatt,7.495396534666085,48.483681076822535,bischenberg,bischoffsheim,bischoffsheim|bischenberg|1032000|6829850,SITE-e7e5cb6bf8ffc712
67,Blaesheim,Lotissement Entrée Est,1040545,6832941,2020,1070,X,Cylindrique,,1,,,,,,,,,,1,,,,,1,,,1,,,,,,1,,,,> 25 ans,1,,,,1,,,,,,,,,,,1,,,,,,,,appositions périostées : infections?,,,1,,,1,1,"sur le ventre, face contre le sol, les membres sup fléchis sous lui, les membres inf flechis portés sur le coté G",,1,,,,,1,,1,,,,,,,,1,Poz-133830,2505 +/- 30 BP,780-540 avant J.C,Ha D1-D2,"Croutsch et al. 2022 : BLAESHEIM, Bas-Rhin, Lotissement Entrée Est, Les occupations néolithiques,
protohistoriques et gallo-romaines, rapport d'opération préventive, AA, 2022",,1040545.0,6832941.0,True,,FR,Blaesheim,Blaesheim - Lotissement Entrée Est,nécropole,HALLSTATT,Ha D1,-620.0,-500.0,Hallstatt,7.6129474887243305,48.50716693240918,lotissement entree est,blaesheim,blaesheim|lotissement entree est|1040550|6832950,SITE-355f46c130ae782a
67,Breuschwickersheim,Vogelsgesang,1038289,6841523,2018,2047,1,Cylindrique,,,,,1,,,,,,,,,,1,,1,,,1,,,,,,,1,,,20-39,,,,,,,,,,,,,,,,,,,,,,,,,,,,,1,,,,,,,1,indiqué comme un DEPOT SECONDAIRE mais je ne suis pas d'accord (Amd),?,,1,,,,,,,,,1,Poz-117697,2500 ± 30 BP,788-537 avant J.-C.,Ha C-D1,"RUZZU (F.) dir. — Breuschwickersheim, Bas-Rhin, Vogelsgesang, Grand Est : A355 - Contournement Ouest de Strasbourg Tronçon 2- site 2-9 : rapport de fouille. Chaponnay : Archeodunum, 2021. 1178 p.",,1038289.0,6841523.0,True,,FR,Breuschwickersheim,Breuschwickersheim - Vogelsgesang,nécropole,HALLSTATT,Ha C,-800.0,-540.0,Hallstatt,7.58920582003619,48.58541786677097,vogelsgesang,breuschwickersheim,breuschwickersheim|vogelsgesang|1038300|6841500,SITE-33b762013e0955ae
67,Breuschwickersheim,Vogelsgesang,1038289,6841523,2018,2058,1,Cylindrique,,1,,,,,,1,,,,,,,,,1,,,,,1,,1,,,,,,6-10 ans,,,,,,,,,,,,,,,,,,,,,,1,,,,,1,,,1,1,,,,,1,,,,1,,,,,,,,,1,Poz-117738,2450  ± 30 BP,754-411,Ha C-D1,"RUZZU (F.) dir. — Breuschwickersheim, Bas-Rhin, Vogelsgesang, Grand Est : A355 - Contournement Ouest de Strasbourg Tronçon 2- site 2-9 : rapport de fouille. Chaponnay : Archeodunum, 2021. 1178 p.",,1038289.0,6841523.0,True,,FR,Breuschwickersheim,Breuschwickersheim - Vogelsgesang,nécropole,HALLSTATT,Ha C,-800.0,-540.0,Hallstatt,7.58920582003619,48.58541786677097,vogelsgesang,breuschwickersheim,breuschwickersheim|vogelsgesang|1038300|6841500,SITE-33b762013e0955ae
67,Breuschwickersheim,Vogelsgesang,1038289,6841523,2018,2066,1,Tronconique,,,1,,,,1,,,,,,,,,,1,,,,1,,,,,,1,,,<60,,,,1,,1,,,,,,,,,,,,,,,,,,,,,1,,,1,1,,1,,,,colmatage rapide probable,,,1,,,,,,,,,1,Poz-117739,2350  ± 30 BP,515-375,Ha D3-LTA2,"RUZZU (F.) dir. — Breuschwickersheim, Bas-Rhin, Vogelsgesang, Grand Est : A355 - Contournement Ouest de Strasbourg Tronçon 2- site 2-9 : rapport de fouille. Chaponnay : Archeodunum, 2021. 1178 p.",,1038289.0,6841523.0,True,,FR,Breuschwickersheim,Breuschwickersheim - Vogelsgesang,nécropole,TRANSITION,Ha D3 / LT A,-500.0,-400.0,Transition,7.58920582003619,48.58541786677097,vogelsgesang,breuschwickersheim,breuschwickersheim|vogelsgesang|1038300|6841500,SITE-33b762013e0955ae
67,Breuschwickersheim,Vogelsgesang,1038289,6841523,2018,2103,1,Tronconique,,,,1,,,,,,,,,1,,,,,,1,,1,,,,,,,,,>40,,,,1,,,,,,,,,,,,,,1,,,,,,,,,1,,,,1,"squelette sur le ventre, les bras fléchis, le bras gauche sous le thorax",1,,,,,,1,,1,,1,,,,,,,Poz-117740,2245  ± 30 BP,381-231,LT B1-C1,"RUZZU (F.) dir. — Breuschwickersheim, Bas-Rhin, Vogelsgesang, Grand Est : A355 - Contournement Ouest de Strasbourg Tronçon 2- site 2-9 : rapport de fouille. Chaponnay : Archeodunum, 2021. 1178 p.",,1038289.0,6841523.0,True,,FR,Breuschwickersheim,Breuschwickersheim - Vogelsgesang,nécropole,LA_TENE,LT B1,-380.0,-200.0,La Tène,7.58920582003619,48.58541786677097,vogelsgesang,breuschwickersheim,breuschwickersheim|vogelsgesang|1038300|6841500,SITE-33b762013e0955ae
68,Colmar,Les Aubépines,1023863,6782512,2007,153,1,Bouteille,,,1,,,,,,,,,1,,,,,1,,,,,1,,,1,,,,,10-14 ans,,,,,,,,,,,,,,,1,,,,,,,,,Probable perforation d'une vertèbre cervicale,1,,,,,,,,,1,,,,,,1,,,,,,,,,1,,,773-417 avant J.-C.,LT B,"ROTH-ZEHNER (M.) dir. — Colmar, Jardins des Aubépines, Alsace, Haut-Rhin (68) : rapport de fouille. Habsheim : Antéa Archéologie, 2008. 167 p.",,1023863.0,6782512.0,True,,FR,Colmar,Colmar - Les Aubépines,nécropole,LA_TENE,LT B,-380.0,-260.0,La Tène,7.349857442492818,48.06268316517148,les aubepines,colmar,colmar|les aubepines|1023850|6782500,SITE-4abac10f6edd6060
68,Colmar,Les Aubépines,1023863,6782512,2007,153,2,Bouteille,,,1,,,,,,,,,1,,,,,1,,,,1,,,,,,,1,,≥ 50 ans,,,,1,,1,,,,,,1,,,1,1,,,,,,,,"Anciennes fractures du métacarpien et de la clavicule
Abcès de l'os alvéolaire
Pont osseux intervertébral",1,,,,,,,,,1,1,,,,1,,,,1,,,,,,1,Poz-32427,2485 ± 35 BP,773-417 avant J.-C.,LT B,"ROTH-ZEHNER (M.) dir. — Colmar, Jardins des Aubépines, Alsace, Haut-Rhin (68) : rapport de fouille. Habsheim : Antéa Archéologie, 2008. 167 p.",,1023863.0,6782512.0,True,,FR,Colmar,Colmar - Les Aubépines,nécropole,LA_TENE,LT B,-380.0,-260.0,La Tène,7.349857442492818,48.06268316517148,les aubepines,colmar,colmar|les aubepines|1023850|6782500,SITE-4abac10f6edd6060
68,Colmar,Les Aubépines,1023863,6782512,2007,201,X,Fond de fosse,,,1,,,?,1,,,,,,,,,,1,,,,,1,,,,,1,,,,1,,,,,,,,,,,,,,1,,,,,,,,,Entorse du fibula,,,,,1,,,,,1,,,,,,1,,,,,,,,,,Poz-32428,2570 ± 40 BP,811-547 avant J.-C.,LT B,"ROTH-ZEHNER (M.) dir. — Colmar, Jardins des Aubépines, Alsace, Haut-Rhin (68) : rapport de fouille. Habsheim : Antéa Archéologie, 2008. 167 p.",,1023863.0,6782512.0,True,,FR,Colmar,Colmar - Les Aubépines,nécropole,LA_TENE,LT B,-380.0,-260.0,La Tène,7.349857442492818,48.06268316517148,les aubepines,colmar,colmar|les aubepines|1023850|6782500,SITE-4abac10f6edd6060
68,Colmar,Les Aubépines,1023863,6782512,2007,239,X,Cylindrique,1,,,,,,,,1,,,,,,,1,,,,1,,,,,,,1,,,> 60 ans,1,,,1,,1,,,,,,,,,,1,,,,,,,,Périostite des tibia et fibula droit probablement lié à traumatisme,1,,,,,,,,1,,1,,,1,1,,,,1,,,,,,1,Poz-32431,2395 ± 35 BP,739-393 avant J.-C.,LT B,"ROTH-ZEHNER (M.) dir. — Colmar, Jardins des Aubépines, Alsace, Haut-Rhin (68) : rapport de fouille. Habsheim : Antéa Archéologie, 2008. 167 p.",,1023863.0,6782512.0,True,,FR,Colmar,Colmar - Les Aubépines,nécropole,LA_TENE,LT B,-380.0,-260.0,La Tène,7.349857442492818,48.06268316517148,les aubepines,colmar,colmar|les aubepines|1023850|6782500,SITE-4abac10f6edd6060
68,Colmar,Les Aubépines,1023863,6782512,2007,320,X,Fond de fosse,,,,,1,,,,,,,,,,1,,1,,,,,1,,,,,1,,,,,,,,,,,,,,,,,,,,,,,,,1,,,,,,,1,,,,,,,1,,,,1,,,,,,,,,,Poz-32432,3115 ± 35 BP,1492-1279 avant J.-C.,LT B,"ROTH-ZEHNER (M.) dir. — Colmar, Jardins des Aubépines, Alsace, Haut-Rhin (68) : rapport de fouille. Habsheim : Antéa Archéologie, 2008. 167 p.",,1023863.0,6782512.0,True,,FR,Colmar,Colmar - Les Aubépines,nécropole,LA_TENE,LT B,-380.0,-260.0,La Tène,7.349857442492818,48.06268316517148,les aubepines,colmar,colmar|les aubepines|1023850|6782500,SITE-4abac10f6edd6060
68,Colmar,Les Aubépines,1023863,6782512,2007,330,X,Tronconique,,1,,,,,,,,,,1,,,,,1,,,1,,,,,,,1,,,30-39 ans,,,,,,,,,,,,1,,,,,1,,,,,,,Pont osseux intervertébral,,,1,,,,,,1,,1,,,1,,1,,,,,,,,,1,Poz-32433,2560 ± 35,806-547avant J.-C.,LT B,"ROTH-ZEHNER (M.) dir. — Colmar, Jardins des Aubépines, Alsace, Haut-Rhin (68) : rapport de fouille. Habsheim : Antéa Archéologie, 2008. 167 p.",,1023863.0,6782512.0,True,,FR,Colmar,Colmar - Les Aubépines,nécropole,LA_TENE,LT B,-380.0,-260.0,La Tène,7.349857442492818,48.06268316517148,les aubepines,colmar,colmar|les aubepines|1023850|6782500,SITE-4abac10f6edd6060
68,Colmar,Les Aubépines,1023863,6782512,2007,336,X,Tronconique,,,,1,,,,,,,,,,1,,1,,,,,1,,,,,1,,,,15-25 ans,,,,,1,,,,,,,,,,,1,,1,,,,,,Porosité importante du sternum et de la colonne,1,,,,,,,,,1,,,,,1,,1,,,,,,,,,Poz-32434,2430 ± 35,751-404 avant J.-C.,LT B,"ROTH-ZEHNER (M.) dir. — Colmar, Jardins des Aubépines, Alsace, Haut-Rhin (68) : rapport de fouille. Habsheim : Antéa Archéologie, 2008. 167 p.",,1023863.0,6782512.0,True,,FR,Colmar,Colmar - Les Aubépines,nécropole,LA_TENE,LT B,-380.0,-260.0,La Tène,7.349857442492818,48.06268316517148,les aubepines,colmar,colmar|les aubepines|1023850|6782500,SITE-4abac10f6edd6060
68,Colmar,Les Aubépines,1023863,6782512,2007,339,X,Bouteille,,1,,,,,,,,,1,,,,,,1,,,,,1,1,,,,,,,0-3 mois,,,,,,,,,,,,,,,,,,,,,,1,,,1,,,,,,,,1,,,,,,,1,,,,,,,,1,1,Poz-32435,2365 ± 35,721-383 avant J.-C.,LT B,"ROTH-ZEHNER (M.) dir. — Colmar, Jardins des Aubépines, Alsace, Haut-Rhin (68) : rapport de fouille. Habsheim : Antéa Archéologie, 2008. 167 p.",,1023863.0,6782512.0,True,,FR,Colmar,Colmar - Les Aubépines,nécropole,LA_TENE,LT B,-380.0,-260.0,La Tène,7.349857442492818,48.06268316517148,les aubepines,colmar,colmar|les aubepines|1023850|6782500,SITE-4abac10f6edd6060
68,Colmar,Les Aubépines,1023863,6782512,2007,363,X,Tronconique,,,1,,,,,,,1,,,,,,1,,,,,,1,,,,,,1,,≥ 50 ans,1,,,,1,1,,,,,,,,,,,,,,,,,,,,,1,,,,,,1,,,,,,1,,1,2,,,,,,,1,Poz-32436,2530 ± 35,798-539 avant J.-C.,LT B,"ROTH-ZEHNER (M.) dir. — Colmar, Jardins des Aubépines, Alsace, Haut-Rhin (68) : rapport de fouille. Habsheim : Antéa Archéologie, 2008. 167 p.",,1023863.0,6782512.0,True,,FR,Colmar,Colmar - Les Aubépines,nécropole,LA_TENE,LT B,-380.0,-260.0,La Tène,7.349857442492818,48.06268316517148,les aubepines,colmar,colmar|les aubepines|1023850|6782500,SITE-4abac10f6edd6060
67,Dachstein,Geist,1033692,6838638,1959,X,X,Bouteille,1,,,,,,,,,,1,,,,,1,,,,,1,,,,,,1,,,,,,,,,,,,,,,,,,,,,,,,,,1,,1,,,,,1,1,,,,,1,Localisation imprécise (centroïde commune),,1,,2,,1,,,,,,,,,,LT A-B,"STIEBER (A.) — Une sépulture à squelette replié de La Tène à Dachstein. Cahiers alsaciens d’archéologie, d’art et d’histoire, 6, 1962, p. 47‑53.",,1033692.0,6838638.0,True,,FR,Dachstein,Dachstein - Geist,nécropole,LA_TENE,LT A,-450.0,-380.0,La Tène,7.524740425416764,48.561894491573966,geist,dachstein,dachstein|geist|1033700|6838650,SITE-db0ec854bc1b74ac
68,Didenheim,Kahlberg,1022216,6744716,2011,13,1,Tronconique,,,1,,,,,,,1,,,,,,,1,,,1,,,,,,,1,,,≥ 40 ans,1,,,1,,,,,,,,,,,1,,,,,,,,,fracture consolidée calvicule gauche,1,,,,,,,"allongé sur le dos comme en position assise, les membres inférieurs fléchis et surélevés",,1,,,,,,1,,,,,,,,?,1,Poz-34907;Poz-34908;Poz-34908,2427 ± 18,756-389 avnt J.-C.,Ha D3/LTA,"DENAIRE (A.) dir. — Didenheim (Alsace, Haut-Rhin) « ZAC Espace / Kahlberg » : un nouveau site du Néolithique récent, de l’âge du Bronze (RSFO) et du premier âge du Fer : rapport de fouille. Habsheim : Antéa Archéologie, 2011. 151 p.","datation effectuée part la combinaison de trois dates radiocarbones : une sur chacun des individus, une autre sur un os de faune ; présence d'un lagomorphe (lapin ou lièvre) ; sa qualité de dépôt n'est pas établie",1022216.0,6744716.0,True,,FR,Didenheim,Didenheim - Kahlberg,nécropole,TRANSITION,Ha D3 / LT A,-500.0,-400.0,Transition,7.300162459348409,47.72385267483919,kahlberg,didenheim,didenheim|kahlberg|1022200|6744700,SITE-633f31d70e73e834
68,Didenheim,Kahlberg,1022216,6744716,2011,13,2,Tronconique,,,,1,,,,,,,,,1,,,,1,,,1,,,,,,,1,,,30-49 ans,1,1,1,,,,,,,,,,,,1,,,,,,1,,,"perforation du processus xiphoïde, 5e côte gauche bifide, 3e trochanter (fémur droit) et ossification partielle du ligament suprascapulaire",,,1,,,,,jambes et avant-bras croisés,,1,,,,,,1,,,,,,,,,1,Poz-34907;Poz-34908;Poz-34908,2427 ± 18,756-389 avnt J.-C.,Ha D3/LTA,"DENAIRE (A.) dir. — Didenheim (Alsace, Haut-Rhin) « ZAC Espace / Kahlberg » : un nouveau site du Néolithique récent, de l’âge du Bronze (RSFO) et du premier âge du Fer : rapport de fouille. Habsheim : Antéa Archéologie, 2011. 151 p.","datation effectuée part la combinaison de troi sdates radiocarbones : une sur chacun des individus, une autre sur un os de faune ; présence d'un lagomorphe (lapin ou lièvre) ; sa qualité de dépôt n'est pas établie",1022216.0,6744716.0,True,,FR,Didenheim,Didenheim - Kahlberg,nécropole,TRANSITION,Ha D3 / LT A,-500.0,-400.0,Transition,7.300162459348409,47.72385267483919,kahlberg,didenheim,didenheim|kahlberg|1022200|6744700,SITE-633f31d70e73e834
67,Dingsheim,Haspelacker - COS 4.1,1041952,6846403,2018,479,1,fond de fosse,,,,,1,squelette complètement disloqué,,,,,,,,,1,,,1,,,,1,,1,,,,,,1/4 ans,,,,,,,,,,,,,,,,,,1,,,,,,,,,,,1,,,indéterminée : squelette bien représenté mais disloqué - dépôt primaire non certain,,,,1,difficile de certifier qu'il s'agit d'un dépôt primaire,,,1,,,,,,,,,,Poz-133584,2910 ± 30,1211-1012 avant J.-C.,Bronze final ,"HABASQUE-SUDOUR (A.) dir. — Dingsheim « Haspelacker », Stutzheim « Aufs Dingsheimer Feld » Bas-Rhin : Occupations variées et multiphasées: de rares indices du Pléistocène, des occupations domestiques du Néolithique ancien au Néolithique final, de l’âge du Bronze, du Hallstatt ancien et moyen, un ensemble funéraire hallstattien, des établissements ruraux de La Tène finale et de la période romaine : rapport de fouille. Sélestat : Archéologie Alsace, 2021.",,1041952.0,6846403.0,True,,FR,Dingsheim,Dingsheim - Haspelacker - COS 4.1,nécropole,INDETERMINE,,,,indéterminé,7.642672008822198,48.627314174220366,haspelacker cos 4 1,dingsheim,dingsheim|haspelacker cos 4 1|1041950|6846400,SITE-af6ac60905da16ea
67,Duntzenheim,"Rainwasen, LGV 8-4",1035064,6855731,2009,1063,X,tronconique, , , ,1, , , , , , , , , ,1, ,1, , , , , ,1, , , , , , , , , , , , ,1, , , , , , , , , , , , , , , , , , , ,1, , , , ,1,1,"Sur le dos, jambes basculéees à droite, bras droit remonté sur la poitrine, devant la tête",1, , , ,espace vide mais protégé (couvercle), , ,1, , , , , , , , ,1,Poz-48399,2230 ± 30 BP,387-204 avant J.-C.,LT B1-C1,"VÉBER (C.), FÉLIU (C.) dir. — Duntzenheim, Bas-Rhin, Rainwasen, Langgasse, Frauenabwand, Ebenheit, LGV EE, site 8-4 : deux occupations du Néolithique moyen, des fosses Grossgartach ; une enceinte Bischheim / Bruebach-Oberbergen ; un silo du Néolithique récent, Munzingen ; des silos de La Tène A ; un fossé en agrafe et des cabanes semi-enterrées de La Tène finale : rapport de fouille préventive. Dijon : Inrap GES, 2017.",,1035064.0,6855731.0,True,,FR,Duntzenheim,"Duntzenheim - Rainwasen, LGV 8-4",nécropole,LA_TENE,LT B1,-380.0,-200.0,La Tène,7.556663331091372,48.71468102176006,rainwasen lgv 8 4,duntzenheim,duntzenheim|rainwasen lgv 8 4|1035050|6855750,SITE-f4c3e027dac95710
68,Eguisheim,Rte d'Herrlisheim,1021102,6779910,2020,????,1,Tronconique,1,,,,,"squel. perturbé, 
associé à plusieurs animaux",,,,,1,,,,,,1,,,1,,,,,,,1,,,>40,1,,,,1,,,,1,,,,,,,,,,,,,,,lésion tumorale bénigne fémur D,1,,,,,1,1,"sur le dos, membres inf et sup. G en 
extension, membre sup D indét. 
repose directement sur les ossements animaux",1,1,,,espace mixte : comblement non homogène du dépôt ?,1,,1,,,,,,,,1,,CIRAM-3225,2108 ± 31 BP,200-44 av. J.C,LT C2-D2,,,1021102.0,6779910.0,True,,FR,Eguisheim,Eguisheim - Rte d'Herrlisheim,nécropole,LA_TENE,LT C2,-200.0,-25.0,La Tène,7.310941908740984,48.040665349862415,rte d herrlisheim,eguisheim,eguisheim|rte d herrlisheim|1021100|6779900,SITE-5515996d05b94129
67,Entzheim,Aéroparc-Lidl,1043713,6837098,2007,1164,X,Tronconique,1,,,,,,,,1,,,,,,,,1,,,,,1,,1,,,,,,18 mois,,,,,,,,,,,,,,,,,,,,,,1,,,,,1,,,1,,,,1,,,,,,1,,,,,,,,,1,,2470 ± 35,770-410 avant J.-C.,Ha D3/LT A1,"LANDOLT (M.) dir. — Entzheim-Geispolsheim (Alsace, Bas-Rhin), aéroparc (LIDL-CUS) : rapport de fouille préventive. Sélestat : PAIR, 2007. 5 vol., 1565 p.",,1043713.0,6837098.0,True,,FR,Entzheim,Entzheim - Aéroparc-Lidl,nécropole,TRANSITION,Ha D3 / LT A,-500.0,-400.0,Transition,7.659080153071918,48.54282555299816,aeroparc lidl,entzheim,entzheim|aeroparc lidl|1043700|6837100,SITE-199c449d850d698e
67,Erstein,Grassweg,1042915,6824866,2017,182,1,fosse,,,1,,,,1,,,,,,,,,1,,,,,,1,,1,,,,,,3-6 ans,,,,,,,,,,,,,,,,,,,,,,1,,,1,,,,,1,1,"sur le côté gauche, membres fléchis portés vers la gauche",,,,1,espace de décomposition mixte? colmatage partiel??,,,,,,,,,,,,1,Poz-69547,2725 ± 30 BP,924 et 812 av. J.-C.,Bronze final IIIb,,,1042915.0,6824866.0,True,,FR,Erstein,Erstein - Grassweg,nécropole,INDETERMINE,,,,indéterminé,7.638559202028453,48.43339954004434,grassweg,erstein,erstein|grassweg|1042900|6824850,SITE-1925b27c6f73ee9a
67,Ettendorf,Gaentzbruch,1036049,6867096,2001,107,1,fond de fosse,,1,,,,,,,,,,1,,,,,,,1,,,1,,,,,,,1,,,,,,,,,,,,,,,,,,,,,,,,1,,1,,,,,,,squelette incomplet. Position complète indéterminée,,,,1,squelette perturbé par pelle méca.,,,1,,,,,,,,,,GrN-26221,2780 ± 35,1011-832 avant J.-C.,Bz FIN,"PEYTREMANN (É.) dir. — Une zone de stockage (âge du Bronze final et de La Tène) à Ettendorf (Bas-Rhin) : rapport de fouille. Moulins-lès-Metz : Inrap GE, 2002. 147 p.",,1036049.0,6867096.0,True,,FR,Ettendorf,Ettendorf - Gaentzbruch,nécropole,INDETERMINE,,,,indéterminé,7.5789814494382295,48.81621391408036,gaentzbruch,ettendorf,ettendorf|gaentzbruch|1036050|6867100,SITE-c7bb40201db1d25b
67,Ettendorf,Gaentzbruch,1036049,6867096,2001,118,3,Tronconique,,,1,,,,,,,1,,,,,,,1,,,,,1,,,,,,,1,,,,,,,,,,,,,,,,,,,,,,,,1,,,1,,,,,,,1,,,,,,1,,,,,3,,,,,1,GrN-26623,2300 ± 45,406-202 avant J.-C.,LT B1-C1,"PEYTREMANN (É.) dir. — Une zone de stockage (âge du Bronze final et de La Tène) à Ettendorf (Bas-Rhin) : rapport de fouille. Moulins-lès-Metz : Inrap GE, 2002. 147 p.",,1036049.0,6867096.0,True,,FR,Ettendorf,Ettendorf - Gaentzbruch,nécropole,LA_TENE,LT B1,-380.0,-200.0,La Tène,7.5789814494382295,48.81621391408036,gaentzbruch,ettendorf,ettendorf|gaentzbruch|1036050|6867100,SITE-c7bb40201db1d25b
67,Ettendorf,Gaentzbruch,1036049,6867096,2001,118,4,Tronconique,,,,1,,,,,,,,,,,1,,1,,,,,1,,,,,,,1,,,,,,,,,,,,,,,,,,,,,,,,1,,,,,1,,,,,1,,,,,,,1,,,,,,,,,1,,,,LT B1-C1,"PEYTREMANN (É.) dir. — Une zone de stockage (âge du Bronze final et de La Tène) à Ettendorf (Bas-Rhin) : rapport de fouille. Moulins-lès-Metz : Inrap GE, 2002. 147 p.",,1036049.0,6867096.0,True,,FR,Ettendorf,Ettendorf - Gaentzbruch,nécropole,LA_TENE,LT B1,-380.0,-200.0,La Tène,7.5789814494382295,48.81621391408036,gaentzbruch,ettendorf,ettendorf|gaentzbruch|1036050|6867100,SITE-c7bb40201db1d25b
67,Ettendorf,Gaentzbruch,1036049,6867096,2001,167,X,Tronconique,,1,,,,,,,,,,1,,,,,1,,,,,1,,,,,,,1,,,,,,,,,,,,,,,,,,,,,,,,1,,1,,,,,1,1,,1,,,,,1,,1,,,,,,,,,1,GrN-26622,2250 ± 40,388-200 avant J.-C.,LT B1-C1,"PEYTREMANN (É.) dir. — Une zone de stockage (âge du Bronze final et de La Tène) à Ettendorf (Bas-Rhin) : rapport de fouille. Moulins-lès-Metz : Inrap GE, 2002. 147 p.",,1036049.0,6867096.0,True,,FR,Ettendorf,Ettendorf - Gaentzbruch,nécropole,LA_TENE,LT B1,-380.0,-200.0,La Tène,7.5789814494382295,48.81621391408036,gaentzbruch,ettendorf,ettendorf|gaentzbruch|1036050|6867100,SITE-c7bb40201db1d25b
67,Geispolsheim,Schwobenfeld,1043723,6836657,2007,5010,A,Cylindrique,,1,,,,,,1,,,,,,,,,1,,,1,,,,,,,,1,,,1,,,,,1,,,1,,1,,,,,,,,,,,,,,1,,,,,1,1,,1,,,,,,,1,,,,,,,,,,,,,LT A2-B1,"LANDOLT (M.) dir. — Entzheim-Geispolsheim (Alsace, Bas-Rhin), aéroparc (LIDL-CUS) : rapport de fouille préventive. Sélestat : PAIR, 2007. 5 vol., 1565 p.",,1043723.0,6836657.0,True,,FR,Geispolsheim,Geispolsheim - Schwobenfeld,nécropole,LA_TENE,LT A,-450.0,-320.0,La Tène,7.658863102027814,48.53886008120634,schwobenfeld,geispolsheim,geispolsheim|schwobenfeld|1043700|6836650,SITE-8694b63434878994
67,Geispolsheim,Schwobenfeld,1043723,6836657,2007,5010,B,Cylindrique,,1,,,,,,,,,,1,,,,,1,,,,1,,,,,,,1,,Âgé ?,1,,,,,1,,,,1,,,,,,,,,,,,,,,1,,,,,1,1,,,1,,,,,1,,1,,,,1,,,,,,,,LT A2-B1,"LANDOLT (M.) dir. — Entzheim-Geispolsheim (Alsace, Bas-Rhin), aéroparc (LIDL-CUS) : rapport de fouille préventive. Sélestat : PAIR, 2007. 5 vol., 1565 p.",,1043723.0,6836657.0,True,,FR,Geispolsheim,Geispolsheim - Schwobenfeld,nécropole,LA_TENE,LT A,-450.0,-320.0,La Tène,7.658863102027814,48.53886008120634,schwobenfeld,geispolsheim,geispolsheim|schwobenfeld|1043700|6836650,SITE-8694b63434878994
67,Geispolsheim,Schwobenfeld,1043723,6836657,2007,5015,X,Cylindrique,1,,,,,,,,1,,,,,,,,1,,,,1,,,,,,1,,,,,,,,,,,,1,1,1,,,,1,,,,,,,,,Fracture consolidée (clavicule),,1,,,,1,1,,1,,,,,,1,,,,,1,,,,,,,,,LT A2-B1,"LANDOLT (M.) dir. — Entzheim-Geispolsheim (Alsace, Bas-Rhin), aéroparc (LIDL-CUS) : rapport de fouille préventive. Sélestat : PAIR, 2007. 5 vol., 1565 p.",,1043723.0,6836657.0,True,,FR,Geispolsheim,Geispolsheim - Schwobenfeld,nécropole,LA_TENE,LT A,-450.0,-320.0,La Tène,7.658863102027814,48.53886008120634,schwobenfeld,geispolsheim,geispolsheim|schwobenfeld|1043700|6836650,SITE-8694b63434878994
67,Geispolsheim,Schwobenfeld,1043723,6836657,2008,5229,X,Tronconique,,,1,,,,1,,,,,,,,,1,,,,,,1,,1,,,,,,4-8 ans,,,,,,,,,,,,,,,,,,,,,,1,,,,1,,,,,,,1,,,,,,,1,,,,,,,,,,,,,LT A2-B1,"LANDOLT (M.) dir. — Entzheim-Geispolsheim, Bas-Rhin, Lotissement d’activités du quadrant 4 ; Entzheim « In der Klamm » et Geispolsheim « Schwobenfeld » : des habitats et une nécropole néolithiques, des habitats protohistoriques, un habitat antique, un habitat et une aire funéraire mérovingiens, une position fortifiée allemande de la Première Guerre Mondiale : rapport de fouille préventive. Sélestat : PAIR, 2013. 6 vol., 2780 p.",,1043723.0,6836657.0,True,,FR,Geispolsheim,Geispolsheim - Schwobenfeld,nécropole,LA_TENE,LT A,-450.0,-320.0,La Tène,7.658863102027814,48.53886008120634,schwobenfeld,geispolsheim,geispolsheim|schwobenfeld|1043700|6836650,SITE-8694b63434878994
67,Geispolsheim,Schwobenfeld,1043723,6836657,2008,5252,X,Bouteille,,1,,,,,,,,,,1,,,,,1,,,,1,,,,,,1,,,20-29 ans,1,,,,1,,,,1,,,,,,,,,,,,,,,,,,,1,,,,Mains derrière le dos,1,,1,,,,,1,,,,,,,,,,,,,LT A2-B1,"LANDOLT (M.) dir. — Entzheim-Geispolsheim, Bas-Rhin, Lotissement d’activités du quadrant 4 ; Entzheim « In der Klamm » et Geispolsheim « Schwobenfeld » : des habitats et une nécropole néolithiques, des habitats protohistoriques, un habitat antique, un habitat et une aire funéraire mérovingiens, une position fortifiée allemande de la Première Guerre Mondiale : rapport de fouille préventive. Sélestat : PAIR, 2013. 6 vol., 2780 p.",,1043723.0,6836657.0,True,,FR,Geispolsheim,Geispolsheim - Schwobenfeld,nécropole,LA_TENE,LT A,-450.0,-320.0,La Tène,7.658863102027814,48.53886008120634,schwobenfeld,geispolsheim,geispolsheim|schwobenfeld|1043700|6836650,SITE-8694b63434878994
67,Geispolsheim,Schwobenfeld,1043723,6836657,2008,5553,X,Tronconique,1,,,,,,,,1,,,,,,,,1,,,1,,,,,,,1,,,,1,,,1,1,1,,,,,,,,,1,,,,,,,,,"Anciennes fractures consolidées (clavicule, métacarpien)
Trauma. rachis",1,,,,,,,,1,,,,,1,,1,,,,,,,,1,1,Poz-32051,2305 ± 35,412-210 avant J.-C.,LT A2-B1,"LANDOLT (M.) dir. — Entzheim-Geispolsheim, Bas-Rhin, Lotissement d’activités du quadrant 4 ; Entzheim « In der Klamm » et Geispolsheim « Schwobenfeld » : des habitats et une nécropole néolithiques, des habitats protohistoriques, un habitat antique, un habitat et une aire funéraire mérovingiens, une position fortifiée allemande de la Première Guerre Mondiale : rapport de fouille préventive. Sélestat : PAIR, 2013. 6 vol., 2780 p.",,1043723.0,6836657.0,True,,FR,Geispolsheim,Geispolsheim - Schwobenfeld,nécropole,LA_TENE,LT A,-450.0,-320.0,La Tène,7.658863102027814,48.53886008120634,schwobenfeld,geispolsheim,geispolsheim|schwobenfeld|1043700|6836650,SITE-8694b63434878994
67,Geispolsheim,Schwobenfeld,1043723,6836657,2007,5254/206,X,Tronconique,,1,,,,,,1,,,,,,,,,,1,,,,1,,1,,,,,,16-19 mois,,,,,,,,,,,,,,,,,,,,,,,,,,1,,,,,,,,1,,,,,,1,,,,,,,,,1,Poz-32085,2435 ± 35,752-404 avant J.-C.,Hallstatt C,"LANDOLT (M.) dir. — Entzheim-Geispolsheim, Bas-Rhin, Lotissement d’activités du quadrant 4 ; Entzheim « In der Klamm » et Geispolsheim « Schwobenfeld » : des habitats et une nécropole néolithiques, des habitats protohistoriques, un habitat antique, un habitat et une aire funéraire mérovingiens, une position fortifiée allemande de la Première Guerre Mondiale : rapport de fouille préventive. Sélestat : PAIR, 2013. 6 vol., 2780 p.",,1043723.0,6836657.0,True,,FR,Geispolsheim,Geispolsheim - Schwobenfeld,nécropole,HALLSTATT,Ha C,-800.0,-620.0,Hallstatt,7.658863102027814,48.53886008120634,schwobenfeld,geispolsheim,geispolsheim|schwobenfeld|1043700|6836650,SITE-8694b63434878994
67,Gougenheim,Gingsheimer Feld,1037853,6855275,2009,1024,1,Tronconique,,,,1,,dépôt en cours de comblement de la fosse,,,,,,,1,,,,,,1,,,1,,,1,,,,,10/15 ans,,,,,,,,,,,,,,,1,,,,,,,,,fractures 2 côtes,,,1,,,,,"sur le ventre, membres inf en extension, membres sup plié sous lui",,1,,,colmatage rapide du dépôt,,,1,,,,,,,,,1,Poz-36573,2265 ± 30,398-209 av. J.-C.,LT B1-C1,"THOMAS (Y.) dir. — Gougenheim (Bas-Rhin), « Ginsheimer Feld », « Burgweg », « Beim Burgweg » , LGV Est-Européenne, 2e phase, tronçon H - site 9.2 : habitat et inhumations en fosses circulaires du Néolithique récent et occupations du Néolithique ancien au second âge du Fer : rapport de fouille. Dijon : Inrap GES, 2016. 2 vol. : 320 p. et 378 p.",,1037853.0,6855275.0,True,,FR,Gougenheim,Gougenheim - Gingsheimer Feld,nécropole,LA_TENE,LT B1,-380.0,-200.0,La Tène,7.594146421901421,48.70913375348961,gingsheimer feld,gougenheim,gougenheim|gingsheimer feld|1037850|6855300,SITE-8d3922c765a66589
67,Gougenheim,Gingsheimer Feld,1037853,6855275,2009,1041,1,Fond de fosse,,,,1,,,,,,,,,,1,,1,,,,,,1,,,1,,,,,10/15 ans,,,,,,,,,,,,,,,1,,,,,,,,,maladie infectieuse peut être?,1,,,,,1,1,"sur le dos, membres inf et sup fléchis et portés sur la droite",1,,,,,,,1,,,,,,,,,1,Poz-36577,2495 ± 30,784-511 av. J.-C.,Hallstatt C-D2,"THOMAS (Y.) dir. — Gougenheim (Bas-Rhin), « Ginsheimer Feld », « Burgweg », « Beim Burgweg » , LGV Est-Européenne, 2e phase, tronçon H - site 9.2 : habitat et inhumations en fosses circulaires du Néolithique récent et occupations du Néolithique ancien au second âge du Fer : rapport de fouille. Dijon : Inrap GES, 2016. 2 vol. : 320 p. et 378 p.",,1037853.0,6855275.0,True,,FR,Gougenheim,Gougenheim - Gingsheimer Feld,nécropole,HALLSTATT,Ha C,-800.0,-540.0,Hallstatt,7.594146421901421,48.70913375348961,gingsheimer feld,gougenheim,gougenheim|gingsheimer feld|1037850|6855300,SITE-8d3922c765a66589
67,Gougenheim,Steinbrunnen,1037050,6855282,2010,1064b,1,Cylindrique,,,1,,,,1,,,,,,,,,,1,,,,,1,,1,,,,,,1-4 ans,,,,,,,,,,,,,,,,1,,,,,,,,"remaniements du périoste en face
endocrânienne et l’os frontal montre des lésions serpigineuses, ces dernières
étant typiques d’une maladie pulmonaire",,1,,,,,1,"jambes détruites par pelle méca. sur le côté G, membre sup G replié",,,,1,,,,1,,,,,,,,,,,,,Hallstatt C1-C2 minimum,,,1037050.0,6855282.0,True,,FR,Gougenheim,Gougenheim - Steinbrunnen,nécropole,HALLSTATT,Ha C,-800.0,-620.0,Hallstatt,7.583257233466109,48.709616087536865,steinbrunnen,gougenheim,gougenheim|steinbrunnen|1037050|6855300,SITE-836308db1048e82f
67,Goxwiller-Valff,ZAC PAEI,1032466,6823746,2011,287,x,Tronconique,,,,1,,,,,,,,,,1,,1,,,,,,,,1,,,,,,,,,,,,,,,,,,,,,,,,,,,,1,,,,1,,,,1,1,,,1,1,,,,,1,,,,,,,,,1,Poz-47205,2510 ± 35,791-519 avant J.-C.,Ha D3,,,1032466.0,6823746.0,True,,FR,Goxwiller-Valff,Goxwiller-Valff - ZAC PAEI,nécropole,HALLSTATT,Ha D3,-500.0,-450.0,Hallstatt,7.496665566283194,48.42877505160205,zac paei,goxwiller valff,goxwiller valff|zac paei|1032450|6823750,SITE-3596060c1b055d82
67,Griesheim sur Souffel,Flaschen,1023878,6782508,2018,201,1,Tronconique,1,,,,,,,,1,,,,,,,1,,,,,1,,,,,,1,,,>25,,,,1,1,1,,,,,,,,,,,,,,,,,,,1,,,,,,1,sur le dos,1,,,,,,1,,,,1,1,,,,,,Poz-105230,2200 ± 30,366-192 av. J.-C,La Tène B-C1,,,1023878.0,6782508.0,True,,FR,Griesheim sur Souffel,Griesheim sur Souffel - Flaschen,nécropole,LA_TENE,LT B1,-380.0,-200.0,La Tène,7.350055545893113,48.06263979258623,flaschen,griesheim sur souffel,griesheim sur souffel|flaschen|1023900|6782500,SITE-e5218169732dafab
67,Griesheim sur Souffel,Flaschen,1023878,6782508,2018,290,1,Tronconique,,,,1,,,,,,,,,1,,,,1,,,,1,,,,,,,1,,,1,,,,1,1,,,,,,1,,,,,,,,,,,,traces de charognage (carnivore) : silo laissé ouvert pendant décompo cadavre,,1,,,,1,,"sur le dos, membres inf fléchis les genoux sur la droite, les bras étendus face à lui",1,,,,"il manque des éléments, prélèvements anthropiques + par animaux carnivores",1,,1,,,,,,,,,1,Poz-105229,2885 ±30,1193-952 av. J.-C.,Bronze final,,,1023878.0,6782508.0,True,,FR,Griesheim sur Souffel,Griesheim sur Souffel - Flaschen,nécropole,INDETERMINE,,,,indéterminé,7.350055545893113,48.06263979258623,flaschen,griesheim sur souffel,griesheim sur souffel|flaschen|1023900|6782500,SITE-e5218169732dafab
67,Schiltigheim,37 rue d'Adelshoffen,1050157,6844789,2018,14,1,Tronconique,,,1,,,,,,,1,,,,,,,1,,,,,1,,1,,,,,,1-4 ans,,,,,,,,,,,,,,,,,,,,,,1,,squelette perturbé à la pelle. position tapho ND. Localisation approximative.,1,,,,,,,squelette perturbé à la pelle. poisition tapho ND,,,,1,squelette perturbé à la pelle. poisition tapho ND,,,1,,,,,,,,,,,,,Bz Final (Ha B1),"Arnold et al. 2020, Schiltigheim 37a rue d'Adelshoffen, Rapport de fouille préventive, p. 103-128",,1050157.0,6844789.0,True,,FR,Schiltigheim,Schiltigheim - 37 rue d'Adelshoffen,nécropole,INDETERMINE,,,,indéterminé,7.752487989880408,48.60843368913151,37 rue d adelshoffen,schiltigheim,schiltigheim|37 rue d adelshoffen|1050150|6844800,SITE-d8c336c23a227be8
67,Hochfelden,RD421,1034925,6860177,2022,140,x,fond de fosse,,1,,,,,,,,,,,,,,1,,,,,,1,,,,1,,,,> 23 ans,,,,1,,,,,,,,,,,,,,,,,,,,"caries, usure, tartre, ossification coup tranchant (pariétal G), enthésopathies (dsl je sais pas ou les mettre alors j'ai mis la liste là!)",1,,,,,1,1,,,1,,,,,1,,1,,,,,,,,,,,,Hallstatt,,rapport en cours,1034925.0,6860177.0,True,,FR,Hochfelden,Hochfelden - RD421,nécropole,HALLSTATT,,-800.0,-450.0,Hallstatt,7.5582636760236435,48.75467465506456,rd421,hochfelden,hochfelden|rd421|1034900|6860200,SITE-0b7294737953970d
67,Ittenheim,Achenheimer Berg (COS 2-11),1039598,6842391,2018,9,x,Tronconique,,,,,1,,,,,1,,,,,,,1,,,,,1,,1,,,,,,6 mois - 1 an,,,,,,,,,,,,,,,,,,,,,,,,Hyperostose poreuse de stade B (protocole S. Kacki),,,,,1,,,Squelette très fortement perturbé,,,,1,,,,1,,,,,,,,,1,Poz-113992 ,2475 ± 30,771-431 avant J.-C.,Ha C-LT A,,,1039598.0,6842391.0,True,,FR,Ittenheim,Ittenheim - Achenheimer Berg (COS 2-11),nécropole,TRANSITION,Ha D3 / LT A,-500.0,-400.0,Transition,7.607609754812237,48.59252720627443,achenheimer berg cos 2 11,ittenheim,ittenheim|achenheimer berg cos 2 11|1039600|6842400,SITE-39a9703eaffb123a
67,Kolbsheim,"Herenweg - COS 2,6",1037553,6840045,2018,280,1,Fond de fosse,,,,1,,"dalles de grès
sur le défunt",,,,,,,,1,,,1,,,1,,,,,1,,,,,16-19,,,,,1,,,,,,,,,,1,,,,,,,,,fracture métaphysaire col fémur durant l'enfance. Boitement,,1,,,,1,1,"sur le côté G, face contre sol, membres inf fléchis genoux vers la G, membres sup en face de lui",,1,,,,,,,,,,,,,,,1,Poz-113811,2520  ± 30,795-542 av. J.-C.,Hallstatt C-D1,,,1037553.0,6840045.0,True,,FR,Kolbsheim,"Kolbsheim - Herenweg - COS 2,6",nécropole,HALLSTATT,Ha C,-800.0,-540.0,Hallstatt,7.578082501661762,48.57252923389938,herenweg cos 2 6,kolbsheim,kolbsheim|herenweg cos 2 6|1037550|6840050,SITE-13c8cbd1e41ba716
67,Marlenheim,Rue du Général De Gaulle,1030749,6845060,2014,40,X,tronconique, , , ,1, , , , , , , , ,1, , , , , ,1, , ,1, , , ,1, , , , , , , , , , , , , , , , , , , , , , , , , , , ,Localisation imprécise : centroïde commune, , , , ,1, , , , , , ,1, , , ,1, , , , , , , , ,X,Poz-65556,2310 ± 30 BP,411-235 avant J.-C.,LT B-C,"CHÂTELET (M.) dir. — En traversant Marlenheim : le suivi archéologique des travaux de réfection de la rue du Général de Gaulle : une percée dans l’histoire du village et de son site, de La Tène ancienne à l’époque actuelle : Marlenheim, Bas-Rhin, Traversée de Marlenheim - entre la place des Forgerons et la rue du Capitaine North - entre la rue de la Monnaie et la sortie ouest de Marlenheim, Grand Est : rapport de fouille archéologique. Metz : Inrap GE, 2018. 247 p.","Simple surveillance de travaux, structure prise dans la berme, juste quelques os prélevés",1030749.0,6845060.0,True,,FR,Marlenheim,Marlenheim - Rue du Général De Gaulle,nécropole,LA_TENE,LT B1,-380.0,-200.0,La Tène,7.489866781291321,48.62107824223797,rue du general de gaulle,marlenheim,marlenheim|rue du general de gaulle|1030750|6845050,SITE-3d04e3c64db8b45e
67,Meistratzheim,Foegel,1036321,6826558,2007,199,x,Fond de fosse,,,1,,,,,,,1,,,,,,1,,,,,1,,,,,1,,,,20-49 ans,,,,1,,,,,,,,,,,,,,,,,1,,,,1,,,,,1,1,,,1,,,,,,,,,,,,,,,1,GrN-31350,2470 ± 40,674-479 avant J.-C.,Ha C-Ha D3,,,1036321.0,6826558.0,True,,FR,Meistratzheim,Meistratzheim - Foegel,nécropole,HALLSTATT,Ha C,-800.0,-450.0,Hallstatt,7.5508800420042,48.45204545318851,foegel,meistratzheim,meistratzheim|foegel|1036300|6826550,SITE-87c4a990950b9cc9
67,Meistratzheim,Pfett (station d'épuration),1023878,6782508,2009,244,1,piriforme,,,1,,,,1,,,,,,,,,,1,,,,1,,,,,,1,,,25-49,,,,,,,,,,,,,,,,,,,,,,,1,,1,,,,,,1,"sur le dos, membres sup fléchis",1,,,,réintervention anthropique possible mais pas sûre,1,,1,,,,,,,,,1,Poz-32448,2855 ± 35,1125-913 avant J.-C.,Bronze final 3a-3b,,,1023878.0,6782508.0,True,,FR,Meistratzheim,Meistratzheim - Pfett (station d'épuration),nécropole,INDETERMINE,,,,indéterminé,7.350055545893113,48.06263979258623,pfett station d epuration,meistratzheim,meistratzheim|pfett station d epuration|1023900|6782500,SITE-73d326f088757425
67,Meistratzheim,Pfett (station d'épuration),1023878,6782508,2009,244,2,piriforme,,,,,1,,,,,,,,,,1,,1,,,,,1,,1,,,,,,9 mois,,,,,,,,,,,,,,,,,,,,,,,1,,,,,,1,,,indét,1,,,,,1,,1,,,,,,,,,,,,,Bronze final 3a-3b,,,1023878.0,6782508.0,True,,FR,Meistratzheim,Meistratzheim - Pfett (station d'épuration),nécropole,INDETERMINE,,,,indéterminé,7.350055545893113,48.06263979258623,pfett station d epuration,meistratzheim,meistratzheim|pfett station d epuration|1023900|6782500,SITE-73d326f088757425
67,Meistratzheim,Pfett (station d'épuration),1023878,6782508,2009,560,1,"dépôt bébé en vase de stockage
fosse irrégulière",,,,,1,,,,,,,,,,1,,,,1,,,1,1,,,,,,,3-6 mois,,,,,,,,,,,,,,,,,,,,,,1,,pathologie infectieuse,1,,,,,,,"sur le dos, dans le comblement du vase",,,,1,dépôt dans un vase déjà abandonné et cassé et un peu rempli ?? le vase s'est recassé par dessus,,,,,,,,,,,,,,,,Hallstatt D1,,,1023878.0,6782508.0,True,,FR,Meistratzheim,Meistratzheim - Pfett (station d'épuration),nécropole,HALLSTATT,Ha D1,-620.0,-540.0,Hallstatt,7.350055545893113,48.06263979258623,pfett station d epuration,meistratzheim,meistratzheim|pfett station d epuration|1023900|6782500,SITE-73d326f088757425
67,Mittelhausen,"Langmatt, LGV 9-3",1040154,6854624,2009,2, ,Cylindrique, , , ,1, , , , , , , , , ,1, , , ,1, , ,1, , , , ,x,x,x, ,"plus de 20 ans, probablement agé", , , ,1, ,1, , , , , , , , , , , , , , , , , ,Hyperostose frontale,1, , , , , , , , , ,1, , , ,1, , , , , , , ,1, , , , , ,Ha D,"THOMAS (Y.) dir. — Mittelhausen (67), Gugenheimer Abwand, Langmatt, Tronçon H, site LGV 9-3 ; Vestiges d’habitat du Ha D et de la séquence 400-200 cal. BC., traces d’un chemin médiéval : rapport final d’opération, fouilles archéologiques. Dijon : Inrap GES, 2013. 94 p.",,1040154.0,6854624.0,True,,FR,Mittelhausen,"Mittelhausen - Langmatt, LGV 9-3",nécropole,HALLSTATT,Ha D,-620.0,-450.0,Hallstatt,7.624846399205004,48.702080907300726,langmatt lgv 9 3,mittelhausen,mittelhausen|langmatt lgv 9 3|1040150|6854600,SITE-d45f382f9d1fac7b
67,Mittelhausen,Liesbuehl Gimbretter Weg (LGV 10-1),1039860,6854762,2009,26,X,Fond de fosse,,1,,,,,,,,,,1,,,,1,,,,1,,,,,,,1,,,≥ 30 ans,1,,,1,,1,,,1,,,,,,1,,,,,1,,,,Luxation de l'épaule gauche,1,,,,,,,,1,,,,"indices d'un coffrage, coussin funéraire ?",,1,,,,,,,1,,,1,Poz-37563,2430 ± 30,750-403 avant J.-C.,LT A,"Croutsch et al. 2011 , p. 146",,1039860.0,6854762.0,True,,FR,Mittelhausen,Mittelhausen - Liesbuehl Gimbretter Weg (LGV 10-1),nécropole,LA_TENE,LT A,-450.0,-380.0,La Tène,7.620967879215451,48.70347473809525,liesbuehl gimbretter weg lgv 10 1,mittelhausen,mittelhausen|liesbuehl gimbretter weg lgv 10 1|1039850|6854750,SITE-06701198598ca73f
67,Mittelhausen,Vorderen Berg,1039270,6854967,2008,98,X,Tronconique,,1,,,,,,,,,,1,,,,,1,,,,1,,,,,,1,,,≥ 30 ans,,,,,,,,,,,,,,,,,,,,,,1,,,1,,,,,,,,1,,,,,,1,,2,2,1,,1,,,,,,,,LT A2-B1,,,1039270.0,6854967.0,True,,FR,Mittelhausen,Mittelhausen - Vorderen Berg,nécropole,LA_TENE,LT A,-450.0,-320.0,La Tène,7.613126748670103,48.705625554087156,vorderen berg,mittelhausen,mittelhausen|vorderen berg|1039250|6854950,SITE-e1aa1cd917e32c08
68,Morschwiller-le-Bas,Rocade Ouest,1021019,6745177,2000,12,X,Tronconique,,,1,,,,,,,1,,,,,,,1,,,,1,,,,,,,,1,?,,,,,,,,,,,,,,,,,,,,,,,1,,,,1,,,,,Jambes croisées,1,,,,,,1,,1,3,,,,,,,,,,,LT A,"BAKAJ (B.), ZEHNER (M.), PELLISSIER (J.) — Rocade ouest de Mulhouse, communes de Didenheim-Mulhouse-Morschwiller-le-Bas (Haut-Rhin) : rapport de fouilles d’évaluation. Habsheim : Antéa Archéologie, 2001. 29 p.",,1021019.0,6745177.0,True,,FR,Morschwiller-le-Bas,Morschwiller-le-Bas - Rocade Ouest,nécropole,LA_TENE,LT A,-450.0,-380.0,La Tène,7.284552682402222,47.728581165087256,rocade ouest,morschwiller le bas,morschwiller le bas|rocade ouest|1021000|6745200,SITE-35019783110e3b5a
67,Obernai,Schulbach,1031733,6826673,2011,10,X,Tronconique,1,,,,,,,,,,1,,,,,,1,,,,1,,,,,1,,,,20-49 ans,1,1,,,1,,1,1,1,,,,,,1,,,,,,,,,"Double fracture de la deuxième côte droite et une fracture simple, au moins, de la première côte droite, au niveau des sillons sub-clavier. Ce traumatisme est dû à un choc très violent. Fracture avec reconsolidation de la diaphyse ulnaire gauche, localisée au niveau du tiers distal (lésion de défense)",1,,,,,1,,Membre inférieur droit fléchi,1,,,,,,,1,,,,,,,,,1,Poz-45609,2415 ± 35,749-398 avant J.-C.,Ha C-LT A2,"FERRIER (A.) dir. — Obernai, Bas-Rhin, Schulbach, Nouvel Hôpital : indices d’occupations du Néolithique moyen et récent, de l’âge du Bronze moyen et de la fin du premier âge du Fer : rapport de fouille. Sélestat : Pôle d’Archéologie Interdépartemental Rhénan, 2013. 352 p.",,1031733.0,6826673.0,True,,FR,Obernai,Obernai - Schulbach,nécropole,TRANSITION,Ha D3 / LT A,-500.0,-400.0,Transition,7.489021133323181,48.45543967628055,schulbach,obernai,obernai|schulbach|1031750|6826650,SITE-b9d4878e8bb52162
67,Rosheim,Leimen,1029548,6831251,2005,46,X,Tronconique,1,,,,,,,,,,1,,,,,1,,,,,,1,,1,,,,,,3-4 ans,,,,,,,,,,,,,,,,,,,,,,,1,,,1,,,,,,,,1,,,,,,1,,,,,,,,,,,,,Ha C-LT A2,"LEFRANC (P.) dir. — Rosheim (Bas-Rhin) « Leimen » : Occupations du Néolithique récent, du début du Bronze moyen et du premier âge du Fer : rapport de fouille. Dijon : INRAP GES, 2006. 195 p.",,1029548.0,6831251.0,True,,FR,Rosheim,Rosheim - Leimen,nécropole,TRANSITION,Ha D3 / LT A,-500.0,-400.0,Transition,7.46301444840577,48.497671225385425,leimen,rosheim,rosheim|leimen|1029550|6831250,SITE-82d26971fc07baf8
67,Rosheim,Leimen,1029548,6831251,2005,134,X,Tronconique,,,1,,,,,,,1,,,,,,,1,,,,1,,,,,1,,,,20-30 ans,,,,,,,,,,,,,1,1,,,,,,,,,,,1,,,,,1,1,,1,,,,,,,1,,,,,,,,1,1,,,730-396 avant J.-C.,Ha C-LT A2,"LEFRANC (P.) dir. — Rosheim (Bas-Rhin) « Leimen » : Occupations du Néolithique récent, du début du Bronze moyen et du premier âge du Fer : rapport de fouille. Dijon : INRAP GES, 2006. 195 p.",,1029548.0,6831251.0,True,,FR,Rosheim,Rosheim - Leimen,nécropole,TRANSITION,Ha D3 / LT A,-500.0,-400.0,Transition,7.46301444840577,48.497671225385425,leimen,rosheim,rosheim|leimen|1029550|6831250,SITE-82d26971fc07baf8
67,Rosheim,Rosenmeer,1031826,6831961,1999,3,X,Tronconique,,1,,,,,,1,,,,,,,,1,,,,1,,,,,,,1,,,,,,,,,,,,,,,,,,,,,,,,,,1,,1,,,,,1,1,,,1,,,,,,1,,,,,,,,,,,,,Ha D3/LT A1,"VIGNAUD (A.) dir. — Rosheim, Parc d’activité du Rosenmeer, secteur « Laser-Alsace »(Bas-Rhin) : rapport d’évaluation archéologique. Nancy : Afan GE, 1999. 46 p.",,1031826.0,6831961.0,True,,FR,Rosheim,Rosheim - Rosenmeer,nécropole,TRANSITION,Ha D3 / LT A,-500.0,-400.0,Transition,7.494345372806096,48.502886349741416,rosenmeer,rosheim,rosheim|rosenmeer|1031850|6831950,SITE-172c1155ea10831f
67,Souffelweyersheim,Les Sept Arpents,1048849,6847232,2005,25,X,Tronconique,,,,1,,,,,,,,,1,,,,1,,,1,,,,,,,,1,,,1,,1,,1,1,,,1,,,,,,,,,,,,,,,,,,1,,,,,"Membre supérieur gauche aligné le long du corps, avant bras droit et membres inférieurs fléchis",,1,,,,,,1,,,,,,,,,,,,,LT A-B,"LEFRANC (P.) dir. — Souffelweyersheim « Les Sept Arpents » (Bas-Rhin) ; habitat de La Tène ancienne et occupation du XVIIe siècle : document final de synthèse de fouille d’archéologie préventive. Dijon : Inrap GES, 2005. 111 p.",,1048849.0,6847232.0,True,,FR,Souffelweyersheim,Souffelweyersheim - Les Sept Arpents,nécropole,LA_TENE,LT A,-450.0,-380.0,La Tène,7.736764499487638,48.63107546314596,les sept arpents,souffelweyersheim,souffelweyersheim|les sept arpents|1048850|6847250,SITE-c479ebc0c7dc05ee
67,Strasbourg,Rue des Comtes,1047430,6842081,2000,101,1,Tronconique,,,1,,,,,,,1,,,,,,1,,,,1,,,,,,1,,,,,,,,,,,,,,,,,,,,,,,,,,,1,,1,,,,,,,,,1,,,,,,1,,,,,,,,,1,ARC-2026,2195 ± 50,390-165 avant J.-C.,LTB1-LTC1,"HENIGFELD (Y.) dir. — Strasbourg-Koenigshoffen (Bas-Rhin), rue des Comtes : rapport d’évaluation archéologique. Strasbourg : AFAN, 2000.",,1047430.0,6842081.0,True,,FR,Strasbourg,Strasbourg - Rue des Comtes,nécropole,LA_TENE,LT B1,-380.0,-200.0,La Tène,7.713372860711789,48.585587809004224,rue des comtes,strasbourg,strasbourg|rue des comtes|1047450|6842100,SITE-5a1958257426cc33
67,Strasbourg,Rue des Comtes,1047430,6842081,2000,101,2,Tronconique,1,,,,,,,,1,,,,,,,1,,,,,1,,,,,1,,,,,,,,,,,,,,,,,,,,,,,,,,,1,,,,1,,,,,,,,,1,,,,1,,,,,,,,,1,"1 des trois squelette a été daté, lequel ?",,,LTB1-LTC1,"HENIGFELD (Y.) dir. — Strasbourg-Koenigshoffen (Bas-Rhin), rue des Comtes : rapport d’évaluation archéologique. Strasbourg : AFAN, 2000.",,1047430.0,6842081.0,True,,FR,Strasbourg,Strasbourg - Rue des Comtes,nécropole,LA_TENE,LT B1,-380.0,-200.0,La Tène,7.713372860711789,48.585587809004224,rue des comtes,strasbourg,strasbourg|rue des comtes|1047450|6842100,SITE-5a1958257426cc33
67,Strasbourg,Rue des Comtes,1047430,6842081,2000,101,3,Tronconique,1,,,,,,,,1,,,,,,,1,,,,1,,,,,,1,,,,,,,,,,,,,,,,,,,,,,,,,,,1,,,1,,,,1,1,,,1,,,,,,1,,,,,,,,,1,"1 des trois squelette a été daté, lequel ?",,,LTB1-LTC1,"HENIGFELD (Y.) dir. — Strasbourg-Koenigshoffen (Bas-Rhin), rue des Comtes : rapport d’évaluation archéologique. Strasbourg : AFAN, 2000.",,1047430.0,6842081.0,True,,FR,Strasbourg,Strasbourg - Rue des Comtes,nécropole,LA_TENE,LT B1,-380.0,-200.0,La Tène,7.713372860711789,48.585587809004224,rue des comtes,strasbourg,strasbourg|rue des comtes|1047450|6842100,SITE-5a1958257426cc33
68,Ensisheim,"Reguisheimer Feld, ZAID, Tranche 3",1026143,6761946,2018,8200,1,Cylindrique,,,1,,,,1,,,,,,,,,1,,,,,1,,,,,1,,,,20-29,,,,,,,,,,,,,,,,,,,,,,,,patho traumatique bassin???,,,1,,,1,1,"sur le ventre, les membres flechis, les bras sous lui, les inf en appui contre les bords de la fosse",1,1,,,mixte : partie colmatées d'autres non : silo resté ouvert?,,,1,,,,,,,,,1,je ne trouve pas ces infos dans le rapport,2780  ± 30 BP,1004-844 avant J.C.,Bz fin IIb-IIIb,"Roth-Zehner et al 2023 : ENSISHEIM, Haut-Rhin
Reguisheimer Feld, ZAID,
Tranche 3
Six millénaires d’occupations
du Mésolithique au Premier Moyen Âge, rapport final d'opération préventive",,1026143.0,6761946.0,True,,FR,Ensisheim,"Ensisheim - Reguisheimer Feld, ZAID, Tranche 3",nécropole,INDETERMINE,,,,indéterminé,7.365163599541498,47.876754119537125,reguisheimer feld zaid tranche 3,ensisheim,ensisheim|reguisheimer feld zaid tranche 3|1026150|6761950,SITE-5a2bc618f6078537
68,Wettolsheim,Ricoh,1021938,6781004,1987,201,X,Tronconique,,,1,,,,,,,1,,,,,,,,1,,,1,,,,,1,,,,18-25 ans,,,,,1,,,,,,,,,,,,,,1,,,,,,1,,,,,1,1,,,1,,,,,1,,1,,1,,,,,1,1,,,732-176 avant J.-C.,LT A,,,1021938.0,6781004.0,True,,FR,Wettolsheim,Wettolsheim - Ricoh,nécropole,LA_TENE,LT A,-450.0,-380.0,La Tène,7.322946501889153,48.05008429352413,ricoh,wettolsheim,wettolsheim|ricoh|1021950|6781000,SITE-96b7f1e9c6a1ae63
67,Wolfisheim,Westermatt,,,,,,,,,,,,,,,,,,,,,,,,,,,,,,,,,,,,,,,,,,,,,,,,,,,,,,,,,,,,,,,,,,,,,,,,,,,,,,,,,,,,,,,,,Epoque historique ?,,Clous en fer,,,False,,FR,Wolfisheim,Wolfisheim - Westermatt,nécropole,INDETERMINE,,,,indéterminé,,,westermatt,wolfisheim,wolfisheim|westermatt|noc|noc,SITE-fbfbf8a2633e4f19
68,Colmar,Route de Rouffach ,,,1954,A,X,Bouteille,,,,,1,,,,,,,,,,1,,,,1,,,1,,,,,,,1,?,,,,,,,,,,,,,,,,,,,,,,,1,,1,,,,,?,?,,,,,1,,,,1,,,,,,,,,,,,,Néolithique récent ?,,Silo en sac,,,False,,FR,Colmar,Colmar - Route de Rouffach,nécropole,INDETERMINE,,,,indéterminé,,,route de rouffach,colmar,colmar|route de rouffach|noc|noc,SITE-c2b14d98fa1456f0
68,Didenheim,Kahlberg (diag),,,2009,2,1,Bouteille,,,,1,,a priori dans une fosse creusée dans cbl du silo ST2-sondage14,,,,,,,,1,,,,,1,,,1,,,1,,,,,14-15 ans,,,,,,,,,,,,,,,,,,,,,,,1,,,1,,,,1,1,déposé sur le côté droit les membres hyper flechis portés sur la droite,1,,,,pas de photos ni dessin,,,1,,,,,,,,,,,,non datée - présence de nombreux silos du Hallstatt,,"rapport de diag : Boisseau F., Colecchia-Latron A., Wiethold J., Didenheim ""Kahlberg"" (Haut-Rhin), raport de diagnostic, Inrap, 2009",,,,False,,FR,Didenheim,Didenheim - Kahlberg (diag),nécropole,INDETERMINE,,,,indéterminé,,,kahlberg diag,didenheim,didenheim|kahlberg diag|noc|noc,SITE-9fd5583b58895949
68,Gundolsheim,"Muhlmatt
A REMPLIR",,,1959,,1,,,,,,,,,,,,,,,,,,,,,,,,,,,,,,,,,,,,,,,,,,,,,,,,,,,,,,,,,,,,,,,,,,,,,,,1,,,,,,,,,,,,,Ha C,,,,,False,,FR,Gundolsheim,Gundolsheim - Muhlmatt A REMPLIR,nécropole,HALLSTATT,Ha C,-800.0,-620.0,Hallstatt,,,muhlmatt a remplir,gundolsheim,gundolsheim|muhlmatt a remplir|noc|noc,SITE-a5108550768226cd
67,Marckolsheim,Schlettstadterfeld,,,2015,995,1,fosse,,,1,,,,,,,1,,,,,,,1,,,,,1,,,1,,,,,10/15 ans,,,,,,,,,,,,,,,,,,,,,,,1,"Dépôt de 2 chiens au fond de la fosse, 50cm sous l'enfant",,1,,,,1,1,"sur le côté droit, les membres inf fléchis et les memebres sup fléchis mains en face de lui",,,,1,ATTENTION : CETTE FOSSE N'EST DATEE QU PAR CONTEXTE : BZ,,,1,,,,,,,,,,,,,BZ FIN???ATTENTION : CETTE FOSSE N'EST DATEE QU PAR CONTEXTE : BZ,,,,,False,,FR,Marckolsheim,Marckolsheim - Schlettstadterfeld,nécropole,INDETERMINE,,,,indéterminé,,,schlettstadterfeld,marckolsheim,marckolsheim|schlettstadterfeld|noc|noc,SITE-3a0400e340298544
67,Duntzenheim,LGV inrap,,,2013,,,"3 sepdont une double  dans un lobe de fosse d'extraction, Hallstatt",,,,,,,,,,,,,,,,,,,,,,,,,,,,,,,,,,,,,,,,,,,,,,,,,,,,,,,,,,,,,,,,,,,,,,,,,,,,,,,,,,,,,,,,False,,FR,Duntzenheim,Duntzenheim - LGV inrap,nécropole,INDETERMINE,,,,indéterminé,,,lgv inrap,duntzenheim,duntzenheim|lgv inrap|noc|noc,SITE-d766f6b88cf805b0
67,Duntzenheim,"Ebenheit, LGV stock Nord 2-1",,,2010,1010,X,fond de fosse, , ,1, , , ,1, , , , , , , , ,1, , , ,1, , , , , , , ,1, , ,1, , ,1,1, , , ,1, , , , , ,1, ,1, , , ,1, , ,Usure dentaire moyenne à importante,1, , , , , , ,"Sur le dos, mains ramenées sur le bassin",1, , , ,Cercueil, , ,1, , , , , , , , ,X,Poz-39892,2475 ± 30 BP,766-416 avant J.-C.,,"MICHLER (M.) dir.  — Duntzenheim, Bas-Rhin, LGV EE, Zone de stockage Nord 2, secteur 1 ; Occupations néolithique et du premier âge du Fer : rapport d’opération, fouille archéologique. Dijon : Inrap GES, 2014. 284 p.","Le corps semble déposé dans une fosse quadrangulaire (=tombe ""classique"") creusée dans le comblement d'une fosse polylobée",,,False,,FR,Duntzenheim,"Duntzenheim - Ebenheit, LGV stock Nord 2-1",nécropole,INDETERMINE,,,,indéterminé,,,ebenheit lgv stock nord 2 1,duntzenheim,duntzenheim|ebenheit lgv stock nord 2 1|noc|noc,SITE-9f4f12a5aae22212
67,Duntzenheim,"Ebenheit, LGV stock Nord 2-1",,,2010,1017A,A,fond de fosse, , ,1, , , , , , ,1, , , , , ,1, , , , ,1, , , , ,1, , , ,"""jeune femme""", , , , , , , , , , , , , , ,1, , , , , , , , , ,1, , , , ,1,1,"Sur le dos, jambes basculées à droite, bras droit remonté sur la poitrine, devant la tête", ,1,?, , , ,1, ,7, , , , , ,2, , , , , ,Ha D1,"MICHLER (M.) dir.  — Duntzenheim, Bas-Rhin, LGV EE, Zone de stockage Nord 2, secteur 1 ; Occupations néolithique et du premier âge du Fer : rapport d’opération, fouille archéologique. Dijon : Inrap GES, 2014. 284 p.","Le corps est déposé dans le fond d'un lobe de fosse polylobée, certainement en association avec l'individu B",,,False,,FR,Duntzenheim,"Duntzenheim - Ebenheit, LGV stock Nord 2-1",nécropole,HALLSTATT,Ha D1,-620.0,-540.0,Hallstatt,,,ebenheit lgv stock nord 2 1,duntzenheim,duntzenheim|ebenheit lgv stock nord 2 1|noc|noc,SITE-9f4f12a5aae22212
67,Duntzenheim,"Ebenheit, LGV stock Nord 2-1",,,2010,1017A,B,fond de fosse, , ,1, , , , , , ,1, , , , , ,1, , , , , ,1,1, , , , , , , , , , , , , , , , , , , , , , , , , , , , ,1, , , ,1, , , ,1,1,Sur le côté droit, , , ,1, , , ,1, , , , , , , , , , , , ,idem 1017A-B,"MICHLER (M.) dir.  — Duntzenheim, Bas-Rhin, LGV EE, Zone de stockage Nord 2, secteur 1 ; Occupations néolithique et du premier âge du Fer : rapport d’opération, fouille archéologique. Dijon : Inrap GES, 2014. 284 p.","Le corps est déposé dans le fond d'un lobe de fosse polylobée, certainement en association avec l'individu A",,,False,,FR,Duntzenheim,"Duntzenheim - Ebenheit, LGV stock Nord 2-1",nécropole,INDETERMINE,,,,indéterminé,,,ebenheit lgv stock nord 2 1,duntzenheim,duntzenheim|ebenheit lgv stock nord 2 1|noc|noc,SITE-9f4f12a5aae22212
67,Duntzenheim,"Ebenheit, LGV stock Nord 2-1",,,2010,1018,X,fond de fosse, ,1, , , , , , , , , ,1, , , ,1, , , , ,1, , , , , , ,1, , ,1, , ,1,1, , , ,1, , , , , ,1, , , , , , , , , , ,1, , , ,1,1,Sur le côté gauche, ,1,?, , , ,1, ,1, , ,1, , ,2, , , , , ,Ha D1,"MICHLER (M.) dir.  — Duntzenheim, Bas-Rhin, LGV EE, Zone de stockage Nord 2, secteur 1 ; Occupations néolithique et du premier âge du Fer : rapport d’opération, fouille archéologique. Dijon : Inrap GES, 2014. 284 p.",,,,False,,FR,Duntzenheim,"Duntzenheim - Ebenheit, LGV stock Nord 2-1",nécropole,HALLSTATT,Ha D1,-620.0,-540.0,Hallstatt,,,ebenheit lgv stock nord 2 1,duntzenheim,duntzenheim|ebenheit lgv stock nord 2 1|noc|noc,SITE-9f4f12a5aae22212
67,Schnersheim,ZA Behlenheimerweg,,,2011,"sd 51, st 68",X,Fossé,1, , , , , , , , , ,1, , , , ,1, , , ,1, , , , , ,x,x,x, ,plus de 20 ans, , , , , , , , , , , , , , , , , , , , , ,1, , ,1, , , , , , , ,1, , , ,Cercueil, , ,1, , , , , , , , ,X,Ly-16215,2365 ± 30 BP,538-384 avant J.-C.,,"BOISSEAU (F.) dir. — Schnersheim, Bas-Rhin, Behlenheimerweg, ZA : un habitat du Hallstatt et un fossé d’époque indéterminée : rapport de diagnostic. Dijon : INRAP GES, 2011. 71 p.",corps déposé dans l'extrémité d'un fossé,,,False,,FR,Schnersheim,Schnersheim - ZA Behlenheimerweg,nécropole,INDETERMINE,,,,indéterminé,,,za behlenheimerweg,schnersheim,schnersheim|za behlenheimerweg|noc|noc,SITE-5a0669571943372f
67,Schnersheim,ZA Behlenheimerweg,,,2011,152,X,fond de fosse, , , ,1, , , , , , , , ,1, , ,1, , , ,1, , , , , ,x,x, , , , , , ,1, , , , , , , , , , , , , , , , , , , , ,1, , , , , , , ,1, , , , , ,1, , , , , , , ,1, ,X,Poz-49682,2520 ± 30 BP,695-540 avant J.-C.,Ha D1-D2,"JODRY (F.) dir. — Schnersheim, ZA Behlenheimerweg : une fosse mésolithique, deux fentes néolithiques, une implantation agricole du Hallstatt C-D : une occupation discontinue au coeur du Kochersberg : rapport de fouille. Dijon : Inrap GES, 2015. 317 p.",fosse quadrangulaire taillée dans le comblement d'une fosse polylobée.,,,False,,FR,Schnersheim,Schnersheim - ZA Behlenheimerweg,nécropole,HALLSTATT,Ha D1,-620.0,-500.0,Hallstatt,,,za behlenheimerweg,schnersheim,schnersheim|za behlenheimerweg|noc|noc,SITE-5a0669571943372f
